timestamp,region,load_mw,pv_mw,price_yuan_mwh,temperature_c,event_type,event_text,scenario_id,scenario_name,stress_type
2025-07-29 00:00:00,广东省,3.3388,0.0783,400.7112,28.406,正常运行,Status: Normal,V2,深度负电价-午间夏季,neg_price_noon_summer
2025-07-29 00:15:00,广东省,3.3184,0.0,405.4873,29.517,正常运行,Status: Normal,V2,深度负电价-午间夏季,neg_price_noon_summer
2025-07-29 00:30:00,广东省,3.4524,0.2649,392.9712,28.125,正常运行,Status: Normal,V2,深度负电价-午间夏季,neg_price_noon_summer
2025-07-29 00:45:00,广东省,3.5932,0.0,388.8152,29.277,正常运行,Status: Normal,V2,深度负电价-午间夏季,neg_price_noon_summer
2025-07-29 01:00:00,广东省,3.4039,0.107,387.7543,28.819,正常运行,Status: Normal,V2,深度负电价-午间夏季,neg_price_noon_summer
2025-07-29 01:15:00,广东省,3.3744,0.0,343.9744,28.902,正常运行,Status: Normal,V2,深度负电价-午间夏季,neg_price_noon_summer
2025-07-29 01:30:00,广东省,3.3173,0.0766,410.3734,29.308,正常运行,Status: Normal,V2,深度负电价-午间夏季,neg_price_noon_summer
2025-07-29 01:45:00,广东省,3.3786,0.0,383.8059,29.194,正常运行,Status: Normal,V2,深度负电价-午间夏季,neg_price_noon_summer
2025-07-29 02:00:00,广东省,3.3533,0.0325,434.4077,29.235,正常运行,Status: Normal,V2,深度负电价-午间夏季,neg_price_noon_summer
2025-07-29 02:15:00,广东省,3.2939,0.0,347.9885,29.27,正常运行,Status: Normal,V2,深度负电价-午间夏季,neg_price_noon_summer
2025-07-29 02:30:00,广东省,3.5341,0.0094,367.0974,28.469,正常运行,Status: Normal,V2,深度负电价-午间夏季,neg_price_noon_summer
2025-07-29 02:45:00,广东省,3.5096,0.0,352.814,28.589,正常运行,Status: Normal,V2,深度负电价-午间夏季,neg_price_noon_summer
2025-07-29 03:00:00,广东省,3.4903,0.0,348.1241,29.3,正常运行,Status: Normal,V2,深度负电价-午间夏季,neg_price_noon_summer
2025-07-29 03:15:00,广东省,3.6075,0.0,379.1445,28.534,正常运行,Status: Normal,V2,深度负电价-午间夏季,neg_price_noon_summer
2025-07-29 03:30:00,广东省,3.3305,0.0955,395.7088,29.534,正常运行,Status: Normal,V2,深度负电价-午间夏季,neg_price_noon_summer
2025-07-29 03:45:00,广东省,3.2548,0.1169,360.3786,29.075,正常运行,Status: Normal,V2,深度负电价-午间夏季,neg_price_noon_summer
2025-07-29 04:00:00,广东省,3.2906,0.0245,420.6542,30.117,正常运行,Status: Normal,V2,深度负电价-午间夏季,neg_price_noon_summer
2025-07-29 04:15:00,广东省,3.5417,0.0562,399.0104,28.783,正常运行,Status: Normal,V2,深度负电价-午间夏季,neg_price_noon_summer
2025-07-29 04:30:00,广东省,3.2325,0.0432,365.7749,29.706,正常运行,Status: Normal,V2,深度负电价-午间夏季,neg_price_noon_summer
2025-07-29 04:45:00,广东省,3.5016,0.2117,373.4986,29.249,正常运行,Status: Normal,V2,深度负电价-午间夏季,neg_price_noon_summer
2025-07-29 05:00:00,广东省,3.4383,0.0545,342.8101,29.128,正常运行,Status: Normal,V2,深度负电价-午间夏季,neg_price_noon_summer
2025-07-29 05:15:00,广东省,3.4887,0.0,335.7583,29.299,正常运行,Status: Normal,V2,深度负电价-午间夏季,neg_price_noon_summer
2025-07-29 05:30:00,广东省,3.2523,0.041,417.2996,29.047,正常运行,Status: Normal,V2,深度负电价-午间夏季,neg_price_noon_summer
2025-07-29 05:45:00,广东省,3.3968,0.0486,379.1611,29.237,正常运行,Status: Normal,V2,深度负电价-午间夏季,neg_price_noon_summer
2025-07-29 06:00:00,广东省,3.5678,0.0307,341.8074,29.116,正常运行,Status: Normal,V2,深度负电价-午间夏季,neg_price_noon_summer
2025-07-29 06:15:00,广东省,3.4076,0.0,344.822,29.794,正常运行,Status: Normal,V2,深度负电价-午间夏季,neg_price_noon_summer
2025-07-29 06:30:00,广东省,3.4477,0.1545,352.3689,29.363,正常运行,Status: Normal,V2,深度负电价-午间夏季,neg_price_noon_summer
2025-07-29 06:45:00,广东省,3.4228,0.5578,389.4199,28.974,正常运行,Status: Normal,V2,深度负电价-午间夏季,neg_price_noon_summer
2025-07-29 07:00:00,广东省,3.3778,0.8084,334.672,29.547,正常运行,Status: Normal,V2,深度负电价-午间夏季,neg_price_noon_summer
2025-07-29 07:15:00,广东省,3.7581,1.109,358.0206,29.99,正常运行,Status: Normal,V2,深度负电价-午间夏季,neg_price_noon_summer
2025-07-29 07:30:00,广东省,3.5186,1.2674,338.2644,30.085,正常运行,Status: Normal,V2,深度负电价-午间夏季,neg_price_noon_summer
2025-07-29 07:45:00,广东省,3.4426,1.1458,278.3377,29.494,正常运行,Status: Normal,V2,深度负电价-午间夏季,neg_price_noon_summer
2025-07-29 08:00:00,广东省,3.7442,1.1991,296.012,29.151,正常运行,Status: Normal,V2,深度负电价-午间夏季,neg_price_noon_summer
2025-07-29 08:15:00,广东省,3.5621,1.5669,276.4443,30.29,正常运行,Status: Normal,V2,深度负电价-午间夏季,neg_price_noon_summer
2025-07-29 08:30:00,广东省,3.4847,1.7904,249.2512,29.877,正常运行,Status: Normal,V2,深度负电价-午间夏季,neg_price_noon_summer
2025-07-29 08:45:00,广东省,3.5114,1.7553,276.4456,29.971,正常运行,Status: Normal,V2,深度负电价-午间夏季,neg_price_noon_summer
2025-07-29 09:00:00,广东省,3.5976,1.8249,168.6659,31.266,正常运行,Status: Normal,V2,深度负电价-午间夏季,neg_price_noon_summer
2025-07-29 09:15:00,广东省,3.8004,2.6404,137.7238,31.232,正常运行,Status: Normal,V2,深度负电价-午间夏季,neg_price_noon_summer
2025-07-29 09:30:00,广东省,3.67,2.1143,109.1344,32.111,正常运行,Status: Normal,V2,深度负电价-午间夏季,neg_price_noon_summer
2025-07-29 09:45:00,广东省,3.5407,2.0861,81.3036,31.363,正常运行,Status: Normal,V2,深度负电价-午间夏季,neg_price_noon_summer
2025-07-29 10:00:00,广东省,3.6129,2.3181,26.1512,31.632,正常运行,Status: Normal,V2,深度负电价-午间夏季,neg_price_noon_summer
2025-07-29 10:15:00,广东省,3.4301,1.9955,-52.1158,31.653,正常运行,Status: Normal,V2,深度负电价-午间夏季,neg_price_noon_summer
2025-07-29 10:30:00,广东省,3.6389,2.426,-65.4386,32.487,正常运行,Status: Normal,V2,深度负电价-午间夏季,neg_price_noon_summer
2025-07-29 10:45:00,广东省,3.6595,3.0735,-153.2853,32.077,新能源消纳,调度公告提示午间新能源消纳压力增大，建议提升储能充电能力。,V2,深度负电价-午间夏季,neg_price_noon_summer
2025-07-29 11:00:00,广东省,3.6292,2.9718,-105.2857,33.057,正常运行,Status: Normal,V2,深度负电价-午间夏季,neg_price_noon_summer
2025-07-29 11:15:00,广东省,3.6291,2.3715,-220.2115,33.715,负电价消纳,现货市场公告：新能源大发，系统调峰空间不足，出清价格跌至负值，调度建议储能尽可能吸纳过剩新能源并避免在低价时段向电网反送电。,V2,深度负电价-午间夏季,neg_price_noon_summer
2025-07-29 11:30:00,广东省,3.7165,3.3287,-254.5101,33.193,正常运行,Status: Normal,V2,深度负电价-午间夏季,neg_price_noon_summer
2025-07-29 11:45:00,广东省,3.6879,2.7909,-295.094,32.894,正常运行,Status: Normal,V2,深度负电价-午间夏季,neg_price_noon_summer
2025-07-29 12:00:00,广东省,3.858,3.0142,-338.6871,32.646,正常运行,Status: Normal,V2,深度负电价-午间夏季,neg_price_noon_summer
2025-07-29 12:15:00,广东省,3.7765,3.0022,-317.9023,34.084,高温预警,广东气象台发布高温橙色预警，预计晚高峰空调负荷显著上升。,V2,深度负电价-午间夏季,neg_price_noon_summer
2025-07-29 12:30:00,广东省,3.6436,2.2692,-362.5047,33.901,正常运行,Status: Normal,V2,深度负电价-午间夏季,neg_price_noon_summer
2025-07-29 12:45:00,广东省,4.1385,2.6296,-351.0494,33.511,正常运行,Status: Normal,V2,深度负电价-午间夏季,neg_price_noon_summer
2025-07-29 13:00:00,广东省,3.8628,3.5413,-322.5136,34.261,正常运行,Status: Normal,V2,深度负电价-午间夏季,neg_price_noon_summer
2025-07-29 13:15:00,广东省,3.687,2.7839,-296.14,34.319,正常运行,Status: Normal,V2,深度负电价-午间夏季,neg_price_noon_summer
2025-07-29 13:30:00,广东省,3.8094,2.4924,-241.9907,34.703,负电价消纳,现货市场公告：新能源大发，系统调峰空间不足，出清价格跌至负值，调度建议储能尽可能吸纳过剩新能源并避免在低价时段向电网反送电。,V2,深度负电价-午间夏季,neg_price_noon_summer
2025-07-29 13:45:00,广东省,3.5767,2.04,-215.5216,34.565,正常运行,Status: Normal,V2,深度负电价-午间夏季,neg_price_noon_summer
2025-07-29 14:00:00,广东省,3.8473,2.0855,-151.7857,34.34,正常运行,Status: Normal,V2,深度负电价-午间夏季,neg_price_noon_summer
2025-07-29 14:15:00,广东省,4.0798,2.5106,-123.263,35.142,正常运行,Status: Normal,V2,深度负电价-午间夏季,neg_price_noon_summer
2025-07-29 14:30:00,广东省,3.9604,1.7598,-70.1868,34.747,正常运行,Status: Normal,V2,深度负电价-午间夏季,neg_price_noon_summer
2025-07-29 14:45:00,广东省,3.8921,2.1951,-28.4197,34.36,正常运行,Status: Normal,V2,深度负电价-午间夏季,neg_price_noon_summer
2025-07-29 15:00:00,广东省,3.9684,2.5978,45.8041,34.085,正常运行,Status: Normal,V2,深度负电价-午间夏季,neg_price_noon_summer
2025-07-29 15:15:00,广东省,4.1355,1.6528,102.6109,34.607,正常运行,Status: Normal,V2,深度负电价-午间夏季,neg_price_noon_summer
2025-07-29 15:30:00,广东省,4.1512,1.9517,161.1022,35.153,高温预警,广东气象台发布高温橙色预警，预计晚高峰空调负荷显著上升。,V2,深度负电价-午间夏季,neg_price_noon_summer
2025-07-29 15:45:00,广东省,4.0011,1.65,208.6171,34.078,正常运行,Status: Normal,V2,深度负电价-午间夏季,neg_price_noon_summer
2025-07-29 16:00:00,广东省,3.9857,1.0789,230.3421,34.944,正常运行,Status: Normal,V2,深度负电价-午间夏季,neg_price_noon_summer
2025-07-29 16:15:00,广东省,3.8973,1.4353,291.7753,34.649,正常运行,Status: Normal,V2,深度负电价-午间夏季,neg_price_noon_summer
2025-07-29 16:30:00,广东省,4.0285,1.2709,267.6982,34.756,正常运行,Status: Normal,V2,深度负电价-午间夏季,neg_price_noon_summer
2025-07-29 16:45:00,广东省,4.3246,0.9543,304.0653,33.577,正常运行,Status: Normal,V2,深度负电价-午间夏季,neg_price_noon_summer
2025-07-29 17:00:00,广东省,4.2125,1.002,338.5874,34.058,正常运行,Status: Normal,V2,深度负电价-午间夏季,neg_price_noon_summer
2025-07-29 17:15:00,广东省,4.2324,0.692,369.2411,34.748,正常运行,Status: Normal,V2,深度负电价-午间夏季,neg_price_noon_summer
2025-07-29 17:30:00,广东省,4.2779,0.3936,394.1987,34.379,需求响应,电力交易中心发布需求响应邀约，鼓励用户在晚高峰削减负荷。,V2,深度负电价-午间夏季,neg_price_noon_summer
2025-07-29 17:45:00,广东省,4.362,0.2972,420.2979,33.385,正常运行,Status: Normal,V2,深度负电价-午间夏季,neg_price_noon_summer
2025-07-29 18:00:00,广东省,4.5778,0.1541,465.626,34.33,价格尖峰,现货市场公告提示日前价格异常波动，晚高峰可能出现尖峰电价。,V2,深度负电价-午间夏季,neg_price_noon_summer
2025-07-29 18:15:00,广东省,4.6353,0.0,383.2364,33.49,正常运行,Status: Normal,V2,深度负电价-午间夏季,neg_price_noon_summer
2025-07-29 18:30:00,广东省,4.5959,0.0,419.1927,32.437,正常运行,Status: Normal,V2,深度负电价-午间夏季,neg_price_noon_summer
2025-07-29 18:45:00,广东省,4.624,0.0,415.9233,34.021,正常运行,Status: Normal,V2,深度负电价-午间夏季,neg_price_noon_summer
2025-07-29 19:00:00,广东省,4.6325,0.091,425.46,32.513,正常运行,Status: Normal,V2,深度负电价-午间夏季,neg_price_noon_summer
2025-07-29 19:15:00,广东省,4.7416,0.0042,413.5885,32.126,正常运行,Status: Normal,V2,深度负电价-午间夏季,neg_price_noon_summer
2025-07-29 19:30:00,广东省,4.8626,0.0209,429.6911,31.765,正常运行,Status: Normal,V2,深度负电价-午间夏季,neg_price_noon_summer
2025-07-29 19:45:00,广东省,4.9297,0.0,385.2421,32.031,正常运行,Status: Normal,V2,深度负电价-午间夏季,neg_price_noon_summer
2025-07-29 20:00:00,广东省,4.9901,0.1045,448.3466,31.717,正常运行,Status: Normal,V2,深度负电价-午间夏季,neg_price_noon_summer
2025-07-29 20:15:00,广东省,4.7388,0.0034,430.995,31.577,正常运行,Status: Normal,V2,深度负电价-午间夏季,neg_price_noon_summer
2025-07-29 20:30:00,广东省,4.6603,0.0,411.183,30.802,正常运行,Status: Normal,V2,深度负电价-午间夏季,neg_price_noon_summer
2025-07-29 20:45:00,广东省,4.5696,0.0696,426.5485,30.912,正常运行,Status: Normal,V2,深度负电价-午间夏季,neg_price_noon_summer
2025-07-29 21:00:00,广东省,4.5917,0.0,445.282,30.111,正常运行,Status: Normal,V2,深度负电价-午间夏季,neg_price_noon_summer
2025-07-29 21:15:00,广东省,4.5145,0.0,475.5983,30.756,价格尖峰,现货市场公告提示日前价格异常波动，晚高峰可能出现尖峰电价。,V2,深度负电价-午间夏季,neg_price_noon_summer
2025-07-29 21:30:00,广东省,4.5851,0.0,454.4911,30.159,正常运行,Status: Normal,V2,深度负电价-午间夏季,neg_price_noon_summer
2025-07-29 21:45:00,广东省,4.4186,0.0,424.2591,29.953,正常运行,Status: Normal,V2,深度负电价-午间夏季,neg_price_noon_summer
2025-07-29 22:00:00,广东省,4.4602,0.0804,395.5675,29.657,正常运行,Status: Normal,V2,深度负电价-午间夏季,neg_price_noon_summer
2025-07-29 22:15:00,广东省,4.408,0.0535,401.3491,30.379,正常运行,Status: Normal,V2,深度负电价-午间夏季,neg_price_noon_summer
2025-07-29 22:30:00,广东省,4.3629,0.0,388.6642,29.492,正常运行,Status: Normal,V2,深度负电价-午间夏季,neg_price_noon_summer
2025-07-29 22:45:00,广东省,4.3249,0.0,395.7466,29.939,正常运行,Status: Normal,V2,深度负电价-午间夏季,neg_price_noon_summer
2025-07-29 23:00:00,广东省,3.9579,0.0,419.3933,30.969,正常运行,Status: Normal,V2,深度负电价-午间夏季,neg_price_noon_summer
2025-07-29 23:15:00,广东省,4.0624,0.0,370.1941,29.17,正常运行,Status: Normal,V2,深度负电价-午间夏季,neg_price_noon_summer
2025-07-29 23:30:00,广东省,4.2004,0.0698,369.4821,28.786,正常运行,Status: Normal,V2,深度负电价-午间夏季,neg_price_noon_summer
2025-07-29 23:45:00,广东省,3.9949,0.0,387.7031,29.548,正常运行,Status: Normal,V2,深度负电价-午间夏季,neg_price_noon_summer
2025-07-30 00:00:00,广东省,3.6968,0.0033,363.4833,28.402,正常运行,Status: Normal,V2,深度负电价-午间夏季,neg_price_noon_summer
2025-07-30 00:15:00,广东省,3.4483,0.0,312.5603,29.477,正常运行,Status: Normal,V2,深度负电价-午间夏季,neg_price_noon_summer
2025-07-30 00:30:00,广东省,3.4882,0.0,388.4487,29.07,正常运行,Status: Normal,V2,深度负电价-午间夏季,neg_price_noon_summer
2025-07-30 00:45:00,广东省,3.5422,0.1021,378.5903,29.215,正常运行,Status: Normal,V2,深度负电价-午间夏季,neg_price_noon_summer
2025-07-30 01:00:00,广东省,3.5213,0.0218,368.3762,28.7,正常运行,Status: Normal,V2,深度负电价-午间夏季,neg_price_noon_summer
2025-07-30 01:15:00,广东省,3.4561,0.0,393.6809,28.219,正常运行,Status: Normal,V2,深度负电价-午间夏季,neg_price_noon_summer
2025-07-30 01:30:00,广东省,3.761,0.0038,343.298,28.567,正常运行,Status: Normal,V2,深度负电价-午间夏季,neg_price_noon_summer
2025-07-30 01:45:00,广东省,3.5869,0.0395,333.6112,28.895,正常运行,Status: Normal,V2,深度负电价-午间夏季,neg_price_noon_summer
2025-07-30 02:00:00,广东省,3.3836,0.0,332.8672,29.655,正常运行,Status: Normal,V2,深度负电价-午间夏季,neg_price_noon_summer
2025-07-30 02:15:00,广东省,3.5275,0.0434,419.4508,28.347,正常运行,Status: Normal,V2,深度负电价-午间夏季,neg_price_noon_summer
2025-07-30 02:30:00,广东省,3.6175,0.0,380.8071,29.688,正常运行,Status: Normal,V2,深度负电价-午间夏季,neg_price_noon_summer
2025-07-30 02:45:00,广东省,3.4829,0.0,373.0999,29.176,正常运行,Status: Normal,V2,深度负电价-午间夏季,neg_price_noon_summer
2025-07-30 03:00:00,广东省,3.4379,0.0268,349.1551,28.748,正常运行,Status: Normal,V2,深度负电价-午间夏季,neg_price_noon_summer
2025-07-30 03:15:00,广东省,3.7119,0.0,382.9266,28.678,正常运行,Status: Normal,V2,深度负电价-午间夏季,neg_price_noon_summer
2025-07-30 03:30:00,广东省,3.503,0.0178,405.7792,29.204,正常运行,Status: Normal,V2,深度负电价-午间夏季,neg_price_noon_summer
2025-07-30 03:45:00,广东省,3.4051,0.0,341.2136,29.259,正常运行,Status: Normal,V2,深度负电价-午间夏季,neg_price_noon_summer
2025-07-30 04:00:00,广东省,3.5551,0.1499,380.243,29.231,正常运行,Status: Normal,V2,深度负电价-午间夏季,neg_price_noon_summer
2025-07-30 04:15:00,广东省,3.6636,0.0932,357.0329,30.094,正常运行,Status: Normal,V2,深度负电价-午间夏季,neg_price_noon_summer
2025-07-30 04:30:00,广东省,3.314,0.0,394.3149,29.57,正常运行,Status: Normal,V2,深度负电价-午间夏季,neg_price_noon_summer
2025-07-30 04:45:00,广东省,3.6497,0.0,377.2646,30.133,正常运行,Status: Normal,V2,深度负电价-午间夏季,neg_price_noon_summer
2025-07-30 05:00:00,广东省,3.6573,0.1085,412.808,28.818,正常运行,Status: Normal,V2,深度负电价-午间夏季,neg_price_noon_summer
2025-07-30 05:15:00,广东省,3.427,0.0,398.4313,28.846,正常运行,Status: Normal,V2,深度负电价-午间夏季,neg_price_noon_summer
2025-07-30 05:30:00,广东省,3.6037,0.0,392.2566,29.267,正常运行,Status: Normal,V2,深度负电价-午间夏季,neg_price_noon_summer
2025-07-30 05:45:00,广东省,3.6088,0.0,363.4762,29.497,正常运行,Status: Normal,V2,深度负电价-午间夏季,neg_price_noon_summer
2025-07-30 06:00:00,广东省,3.6294,0.0,350.4837,29.192,正常运行,Status: Normal,V2,深度负电价-午间夏季,neg_price_noon_summer
2025-07-30 06:15:00,广东省,3.4831,0.0,394.2735,29.758,正常运行,Status: Normal,V2,深度负电价-午间夏季,neg_price_noon_summer
2025-07-30 06:30:00,广东省,3.6104,0.1305,384.9567,29.325,正常运行,Status: Normal,V2,深度负电价-午间夏季,neg_price_noon_summer
2025-07-30 06:45:00,广东省,3.751,0.2776,349.9602,29.557,正常运行,Status: Normal,V2,深度负电价-午间夏季,neg_price_noon_summer
2025-07-30 07:00:00,广东省,3.5564,0.574,323.9039,29.657,正常运行,Status: Normal,V2,深度负电价-午间夏季,neg_price_noon_summer
2025-07-30 07:15:00,广东省,3.5362,0.8173,345.0046,29.34,正常运行,Status: Normal,V2,深度负电价-午间夏季,neg_price_noon_summer
2025-07-30 07:30:00,广东省,3.6246,0.9684,331.6278,29.538,正常运行,Status: Normal,V2,深度负电价-午间夏季,neg_price_noon_summer
2025-07-30 07:45:00,广东省,3.6377,0.8017,331.3604,30.259,正常运行,Status: Normal,V2,深度负电价-午间夏季,neg_price_noon_summer
2025-07-30 08:00:00,广东省,3.59,0.9444,281.7172,30.965,正常运行,Status: Normal,V2,深度负电价-午间夏季,neg_price_noon_summer
2025-07-30 08:15:00,广东省,3.5461,0.6855,275.7674,30.98,正常运行,Status: Normal,V2,深度负电价-午间夏季,neg_price_noon_summer
2025-07-30 08:30:00,广东省,3.8009,1.1259,263.1689,30.785,正常运行,Status: Normal,V2,深度负电价-午间夏季,neg_price_noon_summer
2025-07-30 08:45:00,广东省,3.6893,1.7255,187.7285,30.693,正常运行,Status: Normal,V2,深度负电价-午间夏季,neg_price_noon_summer
2025-07-30 09:00:00,广东省,3.8388,2.2042,204.231,30.75,正常运行,Status: Normal,V2,深度负电价-午间夏季,neg_price_noon_summer
2025-07-30 09:15:00,广东省,3.8082,1.4157,143.265,30.409,正常运行,Status: Normal,V2,深度负电价-午间夏季,neg_price_noon_summer
2025-07-30 09:30:00,广东省,3.6832,1.7718,106.44,31.714,正常运行,Status: Normal,V2,深度负电价-午间夏季,neg_price_noon_summer
2025-07-30 09:45:00,广东省,3.6769,2.1828,50.2276,31.736,正常运行,Status: Normal,V2,深度负电价-午间夏季,neg_price_noon_summer
2025-07-30 10:00:00,广东省,3.7975,1.9449,15.3023,31.78,正常运行,Status: Normal,V2,深度负电价-午间夏季,neg_price_noon_summer
2025-07-30 10:15:00,广东省,3.7216,1.8036,-33.2801,31.607,正常运行,Status: Normal,V2,深度负电价-午间夏季,neg_price_noon_summer
2025-07-30 10:30:00,广东省,3.7927,2.3334,-106.0998,31.296,正常运行,Status: Normal,V2,深度负电价-午间夏季,neg_price_noon_summer
2025-07-30 10:45:00,广东省,3.6402,1.5342,-177.8201,32.428,正常运行,Status: Normal,V2,深度负电价-午间夏季,neg_price_noon_summer
2025-07-30 11:00:00,广东省,3.6998,2.0338,-211.9598,32.458,正常运行,Status: Normal,V2,深度负电价-午间夏季,neg_price_noon_summer
2025-07-30 11:15:00,广东省,3.7803,2.9133,-218.3748,33.482,正常运行,Status: Normal,V2,深度负电价-午间夏季,neg_price_noon_summer
2025-07-30 11:30:00,广东省,3.7277,2.2169,-268.8244,32.714,正常运行,Status: Normal,V2,深度负电价-午间夏季,neg_price_noon_summer
2025-07-30 11:45:00,广东省,3.8746,2.4797,-246.3643,32.923,正常运行,Status: Normal,V2,深度负电价-午间夏季,neg_price_noon_summer
2025-07-30 12:00:00,广东省,3.8762,2.0452,-281.2353,33.152,负电价消纳,现货市场公告：新能源大发，系统调峰空间不足，出清价格跌至负值，调度建议储能尽可能吸纳过剩新能源并避免在低价时段向电网反送电。,V2,深度负电价-午间夏季,neg_price_noon_summer
2025-07-30 12:15:00,广东省,3.7649,2.5089,-338.1317,34.334,正常运行,Status: Normal,V2,深度负电价-午间夏季,neg_price_noon_summer
2025-07-30 12:30:00,广东省,3.8148,3.215,-346.4093,32.87,正常运行,Status: Normal,V2,深度负电价-午间夏季,neg_price_noon_summer
2025-07-30 12:45:00,广东省,3.9617,2.5751,-291.0462,34.309,正常运行,Status: Normal,V2,深度负电价-午间夏季,neg_price_noon_summer
2025-07-30 13:00:00,广东省,3.7651,2.2268,-347.6707,33.339,正常运行,Status: Normal,V2,深度负电价-午间夏季,neg_price_noon_summer
2025-07-30 13:15:00,广东省,3.9884,2.051,-296.0934,33.485,正常运行,Status: Normal,V2,深度负电价-午间夏季,neg_price_noon_summer
2025-07-30 13:30:00,广东省,3.9273,1.7835,-241.5384,34.637,高温预警,广东气象台发布高温橙色预警，预计晚高峰空调负荷显著上升。,V2,深度负电价-午间夏季,neg_price_noon_summer
2025-07-30 13:45:00,广东省,4.0539,2.489,-205.1783,34.92,正常运行,Status: Normal,V2,深度负电价-午间夏季,neg_price_noon_summer
2025-07-30 14:00:00,广东省,3.8734,1.6279,-165.3139,34.637,正常运行,Status: Normal,V2,深度负电价-午间夏季,neg_price_noon_summer
2025-07-30 14:15:00,广东省,4.1646,1.8283,-124.6926,35.659,负电价消纳,现货市场公告：新能源大发，系统调峰空间不足，出清价格跌至负值，调度建议储能尽可能吸纳过剩新能源并避免在低价时段向电网反送电。,V2,深度负电价-午间夏季,neg_price_noon_summer
2025-07-30 14:30:00,广东省,4.2111,2.2524,-43.4158,34.992,正常运行,Status: Normal,V2,深度负电价-午间夏季,neg_price_noon_summer
2025-07-30 14:45:00,广东省,4.1501,1.9031,-30.8884,33.875,正常运行,Status: Normal,V2,深度负电价-午间夏季,neg_price_noon_summer
2025-07-30 15:00:00,广东省,3.9358,1.5637,33.6771,34.69,正常运行,Status: Normal,V2,深度负电价-午间夏季,neg_price_noon_summer
2025-07-30 15:15:00,广东省,3.9559,1.553,103.0508,34.622,正常运行,Status: Normal,V2,深度负电价-午间夏季,neg_price_noon_summer
2025-07-30 15:30:00,广东省,4.0582,1.4205,109.2551,34.526,正常运行,Status: Normal,V2,深度负电价-午间夏季,neg_price_noon_summer
2025-07-30 15:45:00,广东省,4.2915,1.5298,198.0747,34.37,正常运行,Status: Normal,V2,深度负电价-午间夏季,neg_price_noon_summer
2025-07-30 16:00:00,广东省,4.2043,1.1871,186.6929,33.847,正常运行,Status: Normal,V2,深度负电价-午间夏季,neg_price_noon_summer
2025-07-30 16:15:00,广东省,4.2597,1.6513,262.1692,33.61,正常运行,Status: Normal,V2,深度负电价-午间夏季,neg_price_noon_summer
2025-07-30 16:30:00,广东省,4.3199,1.3638,309.4889,34.779,正常运行,Status: Normal,V2,深度负电价-午间夏季,neg_price_noon_summer
2025-07-30 16:45:00,广东省,4.5451,1.0602,327.7298,34.823,正常运行,Status: Normal,V2,深度负电价-午间夏季,neg_price_noon_summer
2025-07-30 17:00:00,广东省,4.3657,0.7339,340.3816,34.102,高温预警,广东气象台发布高温橙色预警，预计晚高峰空调负荷显著上升。,V2,深度负电价-午间夏季,neg_price_noon_summer
2025-07-30 17:15:00,广东省,4.6261,0.5031,418.8907,34.146,正常运行,Status: Normal,V2,深度负电价-午间夏季,neg_price_noon_summer
2025-07-30 17:30:00,广东省,4.4106,0.5365,362.2722,34.36,正常运行,Status: Normal,V2,深度负电价-午间夏季,neg_price_noon_summer
2025-07-30 17:45:00,广东省,4.5667,0.4025,436.1495,33.581,正常运行,Status: Normal,V2,深度负电价-午间夏季,neg_price_noon_summer
2025-07-30 18:00:00,广东省,4.6511,0.0,374.9659,33.708,正常运行,Status: Normal,V2,深度负电价-午间夏季,neg_price_noon_summer
2025-07-30 18:15:00,广东省,4.6338,0.0791,410.9503,33.825,正常运行,Status: Normal,V2,深度负电价-午间夏季,neg_price_noon_summer
2025-07-30 18:30:00,广东省,4.7352,0.0,373.8586,32.877,正常运行,Status: Normal,V2,深度负电价-午间夏季,neg_price_noon_summer
2025-07-30 18:45:00,广东省,4.6831,0.0074,460.7799,32.875,正常运行,Status: Normal,V2,深度负电价-午间夏季,neg_price_noon_summer
2025-07-30 19:00:00,广东省,4.9154,0.0544,421.3724,32.538,正常运行,Status: Normal,V2,深度负电价-午间夏季,neg_price_noon_summer
2025-07-30 19:15:00,广东省,4.8477,0.0,476.609,31.955,正常运行,Status: Normal,V2,深度负电价-午间夏季,neg_price_noon_summer
2025-07-30 19:30:00,广东省,4.9995,0.0,429.7995,33.403,需求响应,电力交易中心发布需求响应邀约，鼓励用户在晚高峰削减负荷。,V2,深度负电价-午间夏季,neg_price_noon_summer
2025-07-30 19:45:00,广东省,5.0284,0.0285,422.9699,31.892,正常运行,Status: Normal,V2,深度负电价-午间夏季,neg_price_noon_summer
2025-07-30 20:00:00,广东省,4.9868,0.0869,444.7084,32.108,价格尖峰,现货市场公告提示日前价格异常波动，晚高峰可能出现尖峰电价。,V2,深度负电价-午间夏季,neg_price_noon_summer
2025-07-30 20:15:00,广东省,4.9028,0.034,404.197,30.89,正常运行,Status: Normal,V2,深度负电价-午间夏季,neg_price_noon_summer
2025-07-30 20:30:00,广东省,5.0218,0.0,395.0325,31.129,正常运行,Status: Normal,V2,深度负电价-午间夏季,neg_price_noon_summer
2025-07-30 20:45:00,广东省,4.7651,0.0,439.0583,30.712,正常运行,Status: Normal,V2,深度负电价-午间夏季,neg_price_noon_summer
2025-07-30 21:00:00,广东省,4.7756,0.0236,431.9339,30.889,正常运行,Status: Normal,V2,深度负电价-午间夏季,neg_price_noon_summer
2025-07-30 21:15:00,广东省,4.9818,0.1395,416.115,31.664,正常运行,Status: Normal,V2,深度负电价-午间夏季,neg_price_noon_summer
2025-07-30 21:30:00,广东省,4.8108,0.0,412.6741,30.635,正常运行,Status: Normal,V2,深度负电价-午间夏季,neg_price_noon_summer
2025-07-30 21:45:00,广东省,4.5457,0.0416,344.5085,29.529,正常运行,Status: Normal,V2,深度负电价-午间夏季,neg_price_noon_summer
2025-07-30 22:00:00,广东省,4.3146,0.0,435.5512,29.72,正常运行,Status: Normal,V2,深度负电价-午间夏季,neg_price_noon_summer
2025-07-30 22:15:00,广东省,4.4491,0.0572,397.2722,29.509,正常运行,Status: Normal,V2,深度负电价-午间夏季,neg_price_noon_summer
2025-07-30 22:30:00,广东省,4.229,0.0957,426.0537,29.743,正常运行,Status: Normal,V2,深度负电价-午间夏季,neg_price_noon_summer
2025-07-30 22:45:00,广东省,4.1142,0.116,403.6544,30.181,正常运行,Status: Normal,V2,深度负电价-午间夏季,neg_price_noon_summer
2025-07-30 23:00:00,广东省,4.2228,0.0,416.2157,30.421,正常运行,Status: Normal,V2,深度负电价-午间夏季,neg_price_noon_summer
2025-07-30 23:15:00,广东省,3.8629,0.0,411.5019,29.705,正常运行,Status: Normal,V2,深度负电价-午间夏季,neg_price_noon_summer
2025-07-30 23:30:00,广东省,4.0426,0.1283,361.9055,29.97,正常运行,Status: Normal,V2,深度负电价-午间夏季,neg_price_noon_summer
2025-07-30 23:45:00,广东省,3.9443,0.0,401.7595,28.556,正常运行,Status: Normal,V2,深度负电价-午间夏季,neg_price_noon_summer
2025-07-31 00:00:00,广东省,3.6122,0.0,388.0592,29.478,正常运行,Status: Normal,V2,深度负电价-午间夏季,neg_price_noon_summer
2025-07-31 00:15:00,广东省,3.5903,0.0,374.9444,29.118,正常运行,Status: Normal,V2,深度负电价-午间夏季,neg_price_noon_summer
2025-07-31 00:30:00,广东省,3.412,0.1797,372.4897,28.478,正常运行,Status: Normal,V2,深度负电价-午间夏季,neg_price_noon_summer
2025-07-31 00:45:00,广东省,3.5022,0.0,398.3734,29.104,正常运行,Status: Normal,V2,深度负电价-午间夏季,neg_price_noon_summer
2025-07-31 01:00:00,广东省,3.5063,0.0,409.0672,29.031,正常运行,Status: Normal,V2,深度负电价-午间夏季,neg_price_noon_summer
2025-07-31 01:15:00,广东省,3.5984,0.0,380.9213,27.987,正常运行,Status: Normal,V2,深度负电价-午间夏季,neg_price_noon_summer
2025-07-31 01:30:00,广东省,3.6507,0.0,366.91,28.53,正常运行,Status: Normal,V2,深度负电价-午间夏季,neg_price_noon_summer
2025-07-31 01:45:00,广东省,3.7419,0.1061,383.9917,29.385,正常运行,Status: Normal,V2,深度负电价-午间夏季,neg_price_noon_summer
2025-07-31 02:00:00,广东省,3.6937,0.0348,395.0498,28.771,正常运行,Status: Normal,V2,深度负电价-午间夏季,neg_price_noon_summer
2025-07-31 02:15:00,广东省,3.5287,0.0,412.5955,28.883,正常运行,Status: Normal,V2,深度负电价-午间夏季,neg_price_noon_summer
2025-07-31 02:30:00,广东省,3.6838,0.0,396.4591,28.685,正常运行,Status: Normal,V2,深度负电价-午间夏季,neg_price_noon_summer
2025-07-31 02:45:00,广东省,3.6511,0.0263,369.2347,28.719,正常运行,Status: Normal,V2,深度负电价-午间夏季,neg_price_noon_summer
2025-07-31 03:00:00,广东省,3.7036,0.0672,387.2963,28.665,正常运行,Status: Normal,V2,深度负电价-午间夏季,neg_price_noon_summer
2025-07-31 03:15:00,广东省,3.6404,0.0461,349.8475,29.532,正常运行,Status: Normal,V2,深度负电价-午间夏季,neg_price_noon_summer
2025-07-31 03:30:00,广东省,3.6035,0.0,351.7558,29.375,正常运行,Status: Normal,V2,深度负电价-午间夏季,neg_price_noon_summer
2025-07-31 03:45:00,广东省,3.4424,0.0,383.9285,29.879,正常运行,Status: Normal,V2,深度负电价-午间夏季,neg_price_noon_summer
2025-07-31 04:00:00,广东省,3.6709,0.0577,337.1589,29.611,正常运行,Status: Normal,V2,深度负电价-午间夏季,neg_price_noon_summer
2025-07-31 04:15:00,广东省,3.5413,0.0,404.8576,29.999,正常运行,Status: Normal,V2,深度负电价-午间夏季,neg_price_noon_summer
2025-07-31 04:30:00,广东省,3.5898,0.0411,371.3462,29.337,正常运行,Status: Normal,V2,深度负电价-午间夏季,neg_price_noon_summer
2025-07-31 04:45:00,广东省,3.4143,0.1156,455.0792,28.784,正常运行,Status: Normal,V2,深度负电价-午间夏季,neg_price_noon_summer
2025-07-31 05:00:00,广东省,3.5821,0.0,348.8304,28.377,正常运行,Status: Normal,V2,深度负电价-午间夏季,neg_price_noon_summer
2025-07-31 05:15:00,广东省,3.7995,0.0414,352.0614,29.738,正常运行,Status: Normal,V2,深度负电价-午间夏季,neg_price_noon_summer
2025-07-31 05:30:00,广东省,3.683,0.0,382.3647,28.685,正常运行,Status: Normal,V2,深度负电价-午间夏季,neg_price_noon_summer
2025-07-31 05:45:00,广东省,3.6538,0.0,431.2817,28.764,正常运行,Status: Normal,V2,深度负电价-午间夏季,neg_price_noon_summer
2025-07-31 06:00:00,广东省,3.5854,0.0,394.2947,28.969,正常运行,Status: Normal,V2,深度负电价-午间夏季,neg_price_noon_summer
2025-07-31 06:15:00,广东省,3.4811,0.0,332.8841,28.571,正常运行,Status: Normal,V2,深度负电价-午间夏季,neg_price_noon_summer
2025-07-31 06:30:00,广东省,3.4995,0.1937,366.7325,30.32,正常运行,Status: Normal,V2,深度负电价-午间夏季,neg_price_noon_summer
2025-07-31 06:45:00,广东省,3.6764,0.5113,378.6182,29.875,正常运行,Status: Normal,V2,深度负电价-午间夏季,neg_price_noon_summer
2025-07-31 07:00:00,广东省,3.6494,0.7841,345.987,30.276,正常运行,Status: Normal,V2,深度负电价-午间夏季,neg_price_noon_summer
2025-07-31 07:15:00,广东省,3.5171,0.7988,357.6827,29.368,正常运行,Status: Normal,V2,深度负电价-午间夏季,neg_price_noon_summer
2025-07-31 07:30:00,广东省,4.0309,1.2218,328.2511,29.633,正常运行,Status: Normal,V2,深度负电价-午间夏季,neg_price_noon_summer
2025-07-31 07:45:00,广东省,3.7901,1.6425,326.8027,29.746,正常运行,Status: Normal,V2,深度负电价-午间夏季,neg_price_noon_summer
2025-07-31 08:00:00,广东省,3.833,1.4293,290.626,30.508,正常运行,Status: Normal,V2,深度负电价-午间夏季,neg_price_noon_summer
2025-07-31 08:15:00,广东省,3.5708,1.7728,319.3273,30.334,正常运行,Status: Normal,V2,深度负电价-午间夏季,neg_price_noon_summer
2025-07-31 08:30:00,广东省,3.6066,1.8288,244.1161,30.171,正常运行,Status: Normal,V2,深度负电价-午间夏季,neg_price_noon_summer
2025-07-31 08:45:00,广东省,3.8488,2.2954,250.925,31.188,正常运行,Status: Normal,V2,深度负电价-午间夏季,neg_price_noon_summer
2025-07-31 09:00:00,广东省,3.7382,2.5997,224.0619,31.705,正常运行,Status: Normal,V2,深度负电价-午间夏季,neg_price_noon_summer
2025-07-31 09:15:00,广东省,3.7735,2.514,87.1322,30.72,正常运行,Status: Normal,V2,深度负电价-午间夏季,neg_price_noon_summer
2025-07-31 09:30:00,广东省,3.7819,2.2373,131.017,31.285,正常运行,Status: Normal,V2,深度负电价-午间夏季,neg_price_noon_summer
2025-07-31 09:45:00,广东省,3.82,3.0529,72.5317,30.912,正常运行,Status: Normal,V2,深度负电价-午间夏季,neg_price_noon_summer
2025-07-31 10:00:00,广东省,3.7715,2.8757,20.1916,31.83,正常运行,Status: Normal,V2,深度负电价-午间夏季,neg_price_noon_summer
2025-07-31 10:15:00,广东省,3.6212,2.4255,-64.6854,31.745,正常运行,Status: Normal,V2,深度负电价-午间夏季,neg_price_noon_summer
2025-07-31 10:30:00,广东省,3.7867,3.5446,-123.4166,31.613,负电价消纳,现货市场公告：新能源大发，系统调峰空间不足，出清价格跌至负值，调度建议储能尽可能吸纳过剩新能源并避免在低价时段向电网反送电。,V2,深度负电价-午间夏季,neg_price_noon_summer
2025-07-31 10:45:00,广东省,3.9737,3.2054,-169.8678,31.733,正常运行,Status: Normal,V2,深度负电价-午间夏季,neg_price_noon_summer
2025-07-31 11:00:00,广东省,4.1842,3.6649,-207.3739,32.246,正常运行,Status: Normal,V2,深度负电价-午间夏季,neg_price_noon_summer
2025-07-31 11:15:00,广东省,3.8006,3.7425,-169.3752,32.062,正常运行,Status: Normal,V2,深度负电价-午间夏季,neg_price_noon_summer
2025-07-31 11:30:00,广东省,3.8226,3.2179,-288.772,33.037,正常运行,Status: Normal,V2,深度负电价-午间夏季,neg_price_noon_summer
2025-07-31 11:45:00,广东省,3.7506,3.0663,-260.9398,33.524,正常运行,Status: Normal,V2,深度负电价-午间夏季,neg_price_noon_summer
2025-07-31 12:00:00,广东省,3.8784,3.865,-352.0379,33.041,正常运行,Status: Normal,V2,深度负电价-午间夏季,neg_price_noon_summer
2025-07-31 12:15:00,广东省,3.9487,3.554,-359.2093,33.186,正常运行,Status: Normal,V2,深度负电价-午间夏季,neg_price_noon_summer
2025-07-31 12:30:00,广东省,3.9844,2.9314,-351.8465,33.077,正常运行,Status: Normal,V2,深度负电价-午间夏季,neg_price_noon_summer
2025-07-31 12:45:00,广东省,3.9372,3.6286,-300.9101,33.687,负电价消纳,现货市场公告：新能源大发，系统调峰空间不足，出清价格跌至负值，调度建议储能尽可能吸纳过剩新能源并避免在低价时段向电网反送电。,V2,深度负电价-午间夏季,neg_price_noon_summer
2025-07-31 13:00:00,广东省,3.9863,3.5147,-327.6697,33.648,正常运行,Status: Normal,V2,深度负电价-午间夏季,neg_price_noon_summer
2025-07-31 13:15:00,广东省,4.0766,3.9037,-304.3749,34.126,正常运行,Status: Normal,V2,深度负电价-午间夏季,neg_price_noon_summer
2025-07-31 13:30:00,广东省,3.987,3.3441,-235.6367,35.136,正常运行,Status: Normal,V2,深度负电价-午间夏季,neg_price_noon_summer
2025-07-31 13:45:00,广东省,4.0584,3.4345,-221.3116,33.867,正常运行,Status: Normal,V2,深度负电价-午间夏季,neg_price_noon_summer
2025-07-31 14:00:00,广东省,4.1979,3.7926,-144.2923,35.184,正常运行,Status: Normal,V2,深度负电价-午间夏季,neg_price_noon_summer
2025-07-31 14:15:00,广东省,3.9237,2.6878,-126.3408,35.144,正常运行,Status: Normal,V2,深度负电价-午间夏季,neg_price_noon_summer
2025-07-31 14:30:00,广东省,4.1687,3.3609,-39.6515,34.424,正常运行,Status: Normal,V2,深度负电价-午间夏季,neg_price_noon_summer
2025-07-31 14:45:00,广东省,4.2003,2.892,37.1015,33.915,正常运行,Status: Normal,V2,深度负电价-午间夏季,neg_price_noon_summer
2025-07-31 15:00:00,广东省,3.9995,2.5759,71.326,34.761,负电价消纳,现货市场公告：新能源大发，系统调峰空间不足，出清价格跌至负值，调度建议储能尽可能吸纳过剩新能源并避免在低价时段向电网反送电。,V2,深度负电价-午间夏季,neg_price_noon_summer
2025-07-31 15:15:00,广东省,4.3123,3.1424,71.8637,35.556,正常运行,Status: Normal,V2,深度负电价-午间夏季,neg_price_noon_summer
2025-07-31 15:30:00,广东省,4.2135,2.6819,133.1053,34.145,正常运行,Status: Normal,V2,深度负电价-午间夏季,neg_price_noon_summer
2025-07-31 15:45:00,广东省,4.2856,2.2722,200.9259,34.043,高温预警,广东气象台发布高温橙色预警，预计晚高峰空调负荷显著上升。,V2,深度负电价-午间夏季,neg_price_noon_summer
2025-07-31 16:00:00,广东省,4.3091,2.3748,250.0144,34.083,正常运行,Status: Normal,V2,深度负电价-午间夏季,neg_price_noon_summer
2025-07-31 16:15:00,广东省,4.5769,2.1036,268.0895,33.622,正常运行,Status: Normal,V2,深度负电价-午间夏季,neg_price_noon_summer
2025-07-31 16:30:00,广东省,4.3445,1.7803,264.543,34.757,正常运行,Status: Normal,V2,深度负电价-午间夏季,neg_price_noon_summer
2025-07-31 16:45:00,广东省,4.1721,1.5536,300.1912,34.926,正常运行,Status: Normal,V2,深度负电价-午间夏季,neg_price_noon_summer
2025-07-31 17:00:00,广东省,4.4648,1.4662,312.956,34.327,正常运行,Status: Normal,V2,深度负电价-午间夏季,neg_price_noon_summer
2025-07-31 17:15:00,广东省,4.4278,1.1835,296.1731,34.191,正常运行,Status: Normal,V2,深度负电价-午间夏季,neg_price_noon_summer
2025-07-31 17:30:00,广东省,4.5555,0.7377,407.7953,32.574,正常运行,Status: Normal,V2,深度负电价-午间夏季,neg_price_noon_summer
2025-07-31 17:45:00,广东省,4.9551,0.3389,414.2228,33.983,正常运行,Status: Normal,V2,深度负电价-午间夏季,neg_price_noon_summer
2025-07-31 18:00:00,广东省,4.5286,0.3359,393.9629,33.618,正常运行,Status: Normal,V2,深度负电价-午间夏季,neg_price_noon_summer
2025-07-31 18:15:00,广东省,4.6532,0.0989,487.8615,33.368,正常运行,Status: Normal,V2,深度负电价-午间夏季,neg_price_noon_summer
2025-07-31 18:30:00,广东省,4.9513,0.0331,448.1651,32.842,正常运行,Status: Normal,V2,深度负电价-午间夏季,neg_price_noon_summer
2025-07-31 18:45:00,广东省,4.9028,0.0754,383.3308,32.678,正常运行,Status: Normal,V2,深度负电价-午间夏季,neg_price_noon_summer
2025-07-31 19:00:00,广东省,4.7651,0.0,434.1427,32.505,正常运行,Status: Normal,V2,深度负电价-午间夏季,neg_price_noon_summer
2025-07-31 19:15:00,广东省,4.9615,0.0785,419.5323,32.493,正常运行,Status: Normal,V2,深度负电价-午间夏季,neg_price_noon_summer
2025-07-31 19:30:00,广东省,5.108,0.0,474.5956,31.762,价格尖峰,现货市场公告提示日前价格异常波动，晚高峰可能出现尖峰电价。,V2,深度负电价-午间夏季,neg_price_noon_summer
2025-07-31 19:45:00,广东省,4.9962,0.0076,475.4675,31.71,正常运行,Status: Normal,V2,深度负电价-午间夏季,neg_price_noon_summer
2025-07-31 20:00:00,广东省,5.003,0.0335,413.9897,31.766,正常运行,Status: Normal,V2,深度负电价-午间夏季,neg_price_noon_summer
2025-07-31 20:15:00,广东省,4.8968,0.115,372.2669,31.725,正常运行,Status: Normal,V2,深度负电价-午间夏季,neg_price_noon_summer
2025-07-31 20:30:00,广东省,4.9697,0.0,415.4051,30.293,正常运行,Status: Normal,V2,深度负电价-午间夏季,neg_price_noon_summer
2025-07-31 20:45:00,广东省,5.0403,0.0065,438.8466,31.454,正常运行,Status: Normal,V2,深度负电价-午间夏季,neg_price_noon_summer
2025-07-31 21:00:00,广东省,4.8428,0.0,371.0102,30.97,正常运行,Status: Normal,V2,深度负电价-午间夏季,neg_price_noon_summer
2025-07-31 21:15:00,广东省,4.6461,0.0,426.6002,30.916,正常运行,Status: Normal,V2,深度负电价-午间夏季,neg_price_noon_summer
2025-07-31 21:30:00,广东省,4.523,0.0548,459.3129,29.536,正常运行,Status: Normal,V2,深度负电价-午间夏季,neg_price_noon_summer
2025-07-31 21:45:00,广东省,4.7634,0.0,459.5287,29.884,价格尖峰,现货市场公告提示日前价格异常波动，晚高峰可能出现尖峰电价。,V2,深度负电价-午间夏季,neg_price_noon_summer
2025-07-31 22:00:00,广东省,4.6752,0.0051,331.3231,29.489,正常运行,Status: Normal,V2,深度负电价-午间夏季,neg_price_noon_summer
2025-07-31 22:15:00,广东省,4.3922,0.0484,414.9271,29.897,正常运行,Status: Normal,V2,深度负电价-午间夏季,neg_price_noon_summer
2025-07-31 22:30:00,广东省,4.3102,0.0,382.2722,30.137,正常运行,Status: Normal,V2,深度负电价-午间夏季,neg_price_noon_summer
2025-07-31 22:45:00,广东省,4.3894,0.0061,422.2757,29.783,正常运行,Status: Normal,V2,深度负电价-午间夏季,neg_price_noon_summer
2025-07-31 23:00:00,广东省,4.3343,0.0931,383.6019,29.874,正常运行,Status: Normal,V2,深度负电价-午间夏季,neg_price_noon_summer
2025-07-31 23:15:00,广东省,3.9997,0.036,406.9754,30.244,正常运行,Status: Normal,V2,深度负电价-午间夏季,neg_price_noon_summer
2025-07-31 23:30:00,广东省,4.122,0.0624,389.9824,28.998,正常运行,Status: Normal,V2,深度负电价-午间夏季,neg_price_noon_summer
2025-07-31 23:45:00,广东省,4.0518,0.1458,333.5609,30.452,正常运行,Status: Normal,V2,深度负电价-午间夏季,neg_price_noon_summer
2025-08-01 00:00:00,广东省,3.8064,0.1633,360.6119,28.202,正常运行,Status: Normal,V2,深度负电价-午间夏季,neg_price_noon_summer
2025-08-01 00:15:00,广东省,3.7376,0.0,379.6327,30.028,正常运行,Status: Normal,V2,深度负电价-午间夏季,neg_price_noon_summer
2025-08-01 00:30:00,广东省,3.7048,0.0,334.6247,29.501,正常运行,Status: Normal,V2,深度负电价-午间夏季,neg_price_noon_summer
2025-08-01 00:45:00,广东省,3.6749,0.0,352.7744,28.793,正常运行,Status: Normal,V2,深度负电价-午间夏季,neg_price_noon_summer
2025-08-01 01:00:00,广东省,3.5154,0.056,384.1454,29.228,正常运行,Status: Normal,V2,深度负电价-午间夏季,neg_price_noon_summer
2025-08-01 01:15:00,广东省,3.8947,0.0156,383.5327,29.036,正常运行,Status: Normal,V2,深度负电价-午间夏季,neg_price_noon_summer
2025-08-01 01:30:00,广东省,3.6466,0.0051,386.079,29.183,正常运行,Status: Normal,V2,深度负电价-午间夏季,neg_price_noon_summer
2025-08-01 01:45:00,广东省,3.9989,0.0,375.3866,29.116,正常运行,Status: Normal,V2,深度负电价-午间夏季,neg_price_noon_summer
2025-08-01 02:00:00,广东省,3.7397,0.0,401.7983,28.036,正常运行,Status: Normal,V2,深度负电价-午间夏季,neg_price_noon_summer
2025-08-01 02:15:00,广东省,3.6502,0.0,346.1423,29.42,正常运行,Status: Normal,V2,深度负电价-午间夏季,neg_price_noon_summer
2025-08-01 02:30:00,广东省,3.8427,0.0,350.7203,29.613,正常运行,Status: Normal,V2,深度负电价-午间夏季,neg_price_noon_summer
2025-08-01 02:45:00,广东省,3.8877,0.0,399.3754,29.399,正常运行,Status: Normal,V2,深度负电价-午间夏季,neg_price_noon_summer
2025-08-01 03:00:00,广东省,3.6838,0.0,372.5614,28.92,正常运行,Status: Normal,V2,深度负电价-午间夏季,neg_price_noon_summer
2025-08-01 03:15:00,广东省,3.7365,0.0,372.4492,29.337,正常运行,Status: Normal,V2,深度负电价-午间夏季,neg_price_noon_summer
2025-08-01 03:30:00,广东省,3.6579,0.0,368.7933,28.603,正常运行,Status: Normal,V2,深度负电价-午间夏季,neg_price_noon_summer
2025-08-01 03:45:00,广东省,3.6591,0.1938,312.0376,28.665,正常运行,Status: Normal,V2,深度负电价-午间夏季,neg_price_noon_summer
2025-08-01 04:00:00,广东省,3.5289,0.0,404.1814,28.96,正常运行,Status: Normal,V2,深度负电价-午间夏季,neg_price_noon_summer
2025-08-01 04:15:00,广东省,3.7172,0.0635,404.9733,30.017,正常运行,Status: Normal,V2,深度负电价-午间夏季,neg_price_noon_summer
2025-08-01 04:30:00,广东省,3.5064,0.0903,404.2962,28.994,正常运行,Status: Normal,V2,深度负电价-午间夏季,neg_price_noon_summer
2025-08-01 04:45:00,广东省,3.6328,0.0,347.0791,28.593,正常运行,Status: Normal,V2,深度负电价-午间夏季,neg_price_noon_summer
2025-08-01 05:00:00,广东省,3.6347,0.042,353.667,30.232,正常运行,Status: Normal,V2,深度负电价-午间夏季,neg_price_noon_summer
2025-08-01 05:15:00,广东省,3.6809,0.1607,342.5106,29.079,正常运行,Status: Normal,V2,深度负电价-午间夏季,neg_price_noon_summer
2025-08-01 05:30:00,广东省,3.6665,0.0,407.6367,29.799,正常运行,Status: Normal,V2,深度负电价-午间夏季,neg_price_noon_summer
2025-08-01 05:45:00,广东省,3.5934,0.0,323.1705,29.123,正常运行,Status: Normal,V2,深度负电价-午间夏季,neg_price_noon_summer
2025-08-01 06:00:00,广东省,3.8874,0.0,372.6267,29.75,正常运行,Status: Normal,V2,深度负电价-午间夏季,neg_price_noon_summer
2025-08-01 06:15:00,广东省,3.6482,0.0702,339.1959,29.477,正常运行,Status: Normal,V2,深度负电价-午间夏季,neg_price_noon_summer
2025-08-01 06:30:00,广东省,3.8596,0.3274,388.8528,30.143,正常运行,Status: Normal,V2,深度负电价-午间夏季,neg_price_noon_summer
2025-08-01 06:45:00,广东省,3.8029,0.5415,401.1315,29.818,正常运行,Status: Normal,V2,深度负电价-午间夏季,neg_price_noon_summer
2025-08-01 07:00:00,广东省,3.831,1.0092,316.3312,29.608,正常运行,Status: Normal,V2,深度负电价-午间夏季,neg_price_noon_summer
2025-08-01 07:15:00,广东省,3.5295,1.3061,368.2123,30.266,正常运行,Status: Normal,V2,深度负电价-午间夏季,neg_price_noon_summer
2025-08-01 07:30:00,广东省,3.4967,1.3549,317.8072,30.908,正常运行,Status: Normal,V2,深度负电价-午间夏季,neg_price_noon_summer
2025-08-01 07:45:00,广东省,3.7594,1.8935,296.1673,29.742,正常运行,Status: Normal,V2,深度负电价-午间夏季,neg_price_noon_summer
2025-08-01 08:00:00,广东省,3.6555,2.0827,321.8273,30.402,正常运行,Status: Normal,V2,深度负电价-午间夏季,neg_price_noon_summer
2025-08-01 08:15:00,广东省,3.708,2.5296,288.7599,30.756,正常运行,Status: Normal,V2,深度负电价-午间夏季,neg_price_noon_summer
2025-08-01 08:30:00,广东省,3.854,2.7953,254.2361,30.128,正常运行,Status: Normal,V2,深度负电价-午间夏季,neg_price_noon_summer
2025-08-01 08:45:00,广东省,3.7676,3.0625,237.2612,30.548,正常运行,Status: Normal,V2,深度负电价-午间夏季,neg_price_noon_summer
2025-08-01 09:00:00,广东省,3.9593,3.1763,211.0173,30.672,正常运行,Status: Normal,V2,深度负电价-午间夏季,neg_price_noon_summer
2025-08-01 09:15:00,广东省,3.7336,3.649,149.7601,30.876,正常运行,Status: Normal,V2,深度负电价-午间夏季,neg_price_noon_summer
2025-08-01 09:30:00,广东省,3.8226,3.5723,103.4079,31.282,正常运行,Status: Normal,V2,深度负电价-午间夏季,neg_price_noon_summer
2025-08-01 09:45:00,广东省,3.8691,3.7833,85.3074,31.076,正常运行,Status: Normal,V2,深度负电价-午间夏季,neg_price_noon_summer
2025-08-01 10:00:00,广东省,3.7699,4.2248,43.6546,31.104,正常运行,Status: Normal,V2,深度负电价-午间夏季,neg_price_noon_summer
2025-08-01 10:15:00,广东省,3.8795,4.3427,-63.6361,31.494,正常运行,Status: Normal,V2,深度负电价-午间夏季,neg_price_noon_summer
2025-08-01 10:30:00,广东省,3.9516,4.7627,-121.5495,32.215,正常运行,Status: Normal,V2,深度负电价-午间夏季,neg_price_noon_summer
2025-08-01 10:45:00,广东省,3.8778,4.7686,-58.4526,33.255,正常运行,Status: Normal,V2,深度负电价-午间夏季,neg_price_noon_summer
2025-08-01 11:00:00,广东省,3.8854,4.5813,-213.7403,32.422,正常运行,Status: Normal,V2,深度负电价-午间夏季,neg_price_noon_summer
2025-08-01 11:15:00,广东省,3.8885,4.3974,-248.4976,32.577,负电价消纳,现货市场公告：新能源大发，系统调峰空间不足，出清价格跌至负值，调度建议储能尽可能吸纳过剩新能源并避免在低价时段向电网反送电。,V2,深度负电价-午间夏季,neg_price_noon_summer
2025-08-01 11:30:00,广东省,4.008,4.6627,-314.9819,32.734,正常运行,Status: Normal,V2,深度负电价-午间夏季,neg_price_noon_summer
2025-08-01 11:45:00,广东省,3.9193,5.014,-313.8187,33.477,正常运行,Status: Normal,V2,深度负电价-午间夏季,neg_price_noon_summer
2025-08-01 12:00:00,广东省,4.0281,4.8158,-327.1792,33.748,正常运行,Status: Normal,V2,深度负电价-午间夏季,neg_price_noon_summer
2025-08-01 12:15:00,广东省,4.1596,4.3886,-311.7788,33.104,正常运行,Status: Normal,V2,深度负电价-午间夏季,neg_price_noon_summer
2025-08-01 12:30:00,广东省,4.2599,4.9426,-326.335,34.397,正常运行,Status: Normal,V2,深度负电价-午间夏季,neg_price_noon_summer
2025-08-01 12:45:00,广东省,4.2325,4.6809,-362.4262,33.847,正常运行,Status: Normal,V2,深度负电价-午间夏季,neg_price_noon_summer
2025-08-01 13:00:00,广东省,4.0692,4.4767,-339.7526,34.232,正常运行,Status: Normal,V2,深度负电价-午间夏季,neg_price_noon_summer
2025-08-01 13:15:00,广东省,4.1749,4.8763,-264.4875,34.475,正常运行,Status: Normal,V2,深度负电价-午间夏季,neg_price_noon_summer
2025-08-01 13:30:00,广东省,4.1546,4.7588,-215.6601,34.617,负电价消纳,现货市场公告：新能源大发，系统调峰空间不足，出清价格跌至负值，调度建议储能尽可能吸纳过剩新能源并避免在低价时段向电网反送电。,V2,深度负电价-午间夏季,neg_price_noon_summer
2025-08-01 13:45:00,广东省,3.9341,4.5035,-189.8094,34.509,正常运行,Status: Normal,V2,深度负电价-午间夏季,neg_price_noon_summer
2025-08-01 14:00:00,广东省,4.0466,4.3463,-165.3906,35.129,高温预警,广东气象台发布高温橙色预警，预计晚高峰空调负荷显著上升。,V2,深度负电价-午间夏季,neg_price_noon_summer
2025-08-01 14:15:00,广东省,3.976,4.1763,-97.0852,34.097,正常运行,Status: Normal,V2,深度负电价-午间夏季,neg_price_noon_summer
2025-08-01 14:30:00,广东省,4.1123,3.7112,-69.0045,35.455,正常运行,Status: Normal,V2,深度负电价-午间夏季,neg_price_noon_summer
2025-08-01 14:45:00,广东省,4.2815,3.6853,-31.4792,34.942,正常运行,Status: Normal,V2,深度负电价-午间夏季,neg_price_noon_summer
2025-08-01 15:00:00,广东省,4.1864,3.5984,65.04,34.655,正常运行,Status: Normal,V2,深度负电价-午间夏季,neg_price_noon_summer
2025-08-01 15:15:00,广东省,4.257,3.4836,130.6022,35.425,正常运行,Status: Normal,V2,深度负电价-午间夏季,neg_price_noon_summer
2025-08-01 15:30:00,广东省,4.2992,3.2331,147.7497,35.127,正常运行,Status: Normal,V2,深度负电价-午间夏季,neg_price_noon_summer
2025-08-01 15:45:00,广东省,4.2774,2.9409,159.3749,35.237,正常运行,Status: Normal,V2,深度负电价-午间夏季,neg_price_noon_summer
2025-08-01 16:00:00,广东省,4.3174,2.5893,202.8373,35.236,正常运行,Status: Normal,V2,深度负电价-午间夏季,neg_price_noon_summer
2025-08-01 16:15:00,广东省,4.2127,2.3209,266.3443,34.833,正常运行,Status: Normal,V2,深度负电价-午间夏季,neg_price_noon_summer
2025-08-01 16:30:00,广东省,4.1647,2.17,283.1206,34.285,正常运行,Status: Normal,V2,深度负电价-午间夏季,neg_price_noon_summer
2025-08-01 16:45:00,广东省,4.5943,1.6975,351.5996,34.444,高温预警,广东气象台发布高温橙色预警，预计晚高峰空调负荷显著上升。,V2,深度负电价-午间夏季,neg_price_noon_summer
2025-08-01 17:00:00,广东省,4.7203,1.4261,310.867,34.328,正常运行,Status: Normal,V2,深度负电价-午间夏季,neg_price_noon_summer
2025-08-01 17:15:00,广东省,4.639,1.1041,311.0568,34.112,正常运行,Status: Normal,V2,深度负电价-午间夏季,neg_price_noon_summer
2025-08-01 17:30:00,广东省,4.7501,0.8942,383.225,33.765,正常运行,Status: Normal,V2,深度负电价-午间夏季,neg_price_noon_summer
2025-08-01 17:45:00,广东省,4.7286,0.7582,373.3429,33.699,正常运行,Status: Normal,V2,深度负电价-午间夏季,neg_price_noon_summer
2025-08-01 18:00:00,广东省,4.7917,0.3205,426.1625,33.661,正常运行,Status: Normal,V2,深度负电价-午间夏季,neg_price_noon_summer
2025-08-01 18:15:00,广东省,4.6404,0.003,427.7129,33.218,正常运行,Status: Normal,V2,深度负电价-午间夏季,neg_price_noon_summer
2025-08-01 18:30:00,广东省,4.7181,0.0,423.0787,32.517,正常运行,Status: Normal,V2,深度负电价-午间夏季,neg_price_noon_summer
2025-08-01 18:45:00,广东省,4.9943,0.0652,458.5674,32.817,正常运行,Status: Normal,V2,深度负电价-午间夏季,neg_price_noon_summer
2025-08-01 19:00:00,广东省,5.1475,0.0374,394.119,32.303,正常运行,Status: Normal,V2,深度负电价-午间夏季,neg_price_noon_summer
2025-08-01 19:15:00,广东省,4.9262,0.0408,401.4076,32.366,正常运行,Status: Normal,V2,深度负电价-午间夏季,neg_price_noon_summer
2025-08-01 19:30:00,广东省,5.025,0.0,458.4543,31.803,正常运行,Status: Normal,V2,深度负电价-午间夏季,neg_price_noon_summer
2025-08-01 19:45:00,广东省,4.665,0.0,427.7084,31.142,正常运行,Status: Normal,V2,深度负电价-午间夏季,neg_price_noon_summer
2025-08-01 20:00:00,广东省,5.1015,0.095,411.6784,31.811,正常运行,Status: Normal,V2,深度负电价-午间夏季,neg_price_noon_summer
2025-08-01 20:15:00,广东省,4.9461,0.0512,421.8511,31.515,价格尖峰,现货市场公告提示日前价格异常波动，晚高峰可能出现尖峰电价。,V2,深度负电价-午间夏季,neg_price_noon_summer
2025-08-01 20:30:00,广东省,5.2259,0.0303,429.1186,31.649,正常运行,Status: Normal,V2,深度负电价-午间夏季,neg_price_noon_summer
2025-08-01 20:45:00,广东省,4.9351,0.2218,415.4837,31.151,正常运行,Status: Normal,V2,深度负电价-午间夏季,neg_price_noon_summer
2025-08-01 21:00:00,广东省,5.0197,0.0,438.1053,30.451,正常运行,Status: Normal,V2,深度负电价-午间夏季,neg_price_noon_summer
2025-08-01 21:15:00,广东省,4.8956,0.0,402.0324,30.869,正常运行,Status: Normal,V2,深度负电价-午间夏季,neg_price_noon_summer
2025-08-01 21:30:00,广东省,4.7826,0.0,422.4399,29.976,正常运行,Status: Normal,V2,深度负电价-午间夏季,neg_price_noon_summer
2025-08-01 21:45:00,广东省,4.8265,0.0,413.3775,30.625,正常运行,Status: Normal,V2,深度负电价-午间夏季,neg_price_noon_summer
2025-08-01 22:00:00,广东省,4.4139,0.0,457.7923,30.359,正常运行,Status: Normal,V2,深度负电价-午间夏季,neg_price_noon_summer
2025-08-01 22:15:00,广东省,4.5343,0.0362,355.356,29.958,正常运行,Status: Normal,V2,深度负电价-午间夏季,neg_price_noon_summer
2025-08-01 22:30:00,广东省,4.4951,0.1323,372.813,29.658,正常运行,Status: Normal,V2,深度负电价-午间夏季,neg_price_noon_summer
2025-08-01 22:45:00,广东省,4.2639,0.0,420.3017,29.502,正常运行,Status: Normal,V2,深度负电价-午间夏季,neg_price_noon_summer
2025-08-01 23:00:00,广东省,4.2949,0.1186,381.8685,29.492,正常运行,Status: Normal,V2,深度负电价-午间夏季,neg_price_noon_summer
2025-08-01 23:15:00,广东省,4.378,0.1703,409.8071,29.462,正常运行,Status: Normal,V2,深度负电价-午间夏季,neg_price_noon_summer
2025-08-01 23:30:00,广东省,4.2672,0.0506,376.7023,29.258,正常运行,Status: Normal,V2,深度负电价-午间夏季,neg_price_noon_summer
2025-08-01 23:45:00,广东省,4.0682,0.0,398.6048,29.281,正常运行,Status: Normal,V2,深度负电价-午间夏季,neg_price_noon_summer
2025-08-02 00:00:00,广东省,3.6662,0.0332,355.7356,28.691,正常运行,Status: Normal,V2,深度负电价-午间夏季,neg_price_noon_summer
2025-08-02 00:15:00,广东省,3.6113,0.0,386.3208,29.126,正常运行,Status: Normal,V2,深度负电价-午间夏季,neg_price_noon_summer
2025-08-02 00:30:00,广东省,3.705,0.0842,344.5008,28.78,正常运行,Status: Normal,V2,深度负电价-午间夏季,neg_price_noon_summer
2025-08-02 00:45:00,广东省,3.6966,0.0,360.2799,28.764,正常运行,Status: Normal,V2,深度负电价-午间夏季,neg_price_noon_summer
2025-08-02 01:00:00,广东省,3.5104,0.0,381.8568,28.755,正常运行,Status: Normal,V2,深度负电价-午间夏季,neg_price_noon_summer
2025-08-02 01:15:00,广东省,3.7453,0.0,370.758,29.733,正常运行,Status: Normal,V2,深度负电价-午间夏季,neg_price_noon_summer
2025-08-02 01:30:00,广东省,3.7411,0.0,365.8775,28.205,正常运行,Status: Normal,V2,深度负电价-午间夏季,neg_price_noon_summer
2025-08-02 01:45:00,广东省,3.7399,0.0,339.9605,29.139,正常运行,Status: Normal,V2,深度负电价-午间夏季,neg_price_noon_summer
2025-08-02 02:00:00,广东省,3.5476,0.0,348.5879,28.866,正常运行,Status: Normal,V2,深度负电价-午间夏季,neg_price_noon_summer
2025-08-02 02:15:00,广东省,3.5719,0.0175,422.5908,29.564,正常运行,Status: Normal,V2,深度负电价-午间夏季,neg_price_noon_summer
2025-08-02 02:30:00,广东省,3.676,0.0663,378.8814,28.804,正常运行,Status: Normal,V2,深度负电价-午间夏季,neg_price_noon_summer
2025-08-02 02:45:00,广东省,3.5959,0.0575,379.7837,28.715,正常运行,Status: Normal,V2,深度负电价-午间夏季,neg_price_noon_summer
2025-08-02 03:00:00,广东省,3.6625,0.0369,359.1258,29.357,正常运行,Status: Normal,V2,深度负电价-午间夏季,neg_price_noon_summer
2025-08-02 03:15:00,广东省,3.6665,0.0,390.7952,28.838,正常运行,Status: Normal,V2,深度负电价-午间夏季,neg_price_noon_summer
2025-08-02 03:30:00,广东省,3.6145,0.0446,389.1012,29.329,正常运行,Status: Normal,V2,深度负电价-午间夏季,neg_price_noon_summer
2025-08-02 03:45:00,广东省,3.5822,0.0636,373.1711,30.096,正常运行,Status: Normal,V2,深度负电价-午间夏季,neg_price_noon_summer
2025-08-02 04:00:00,广东省,3.7378,0.0368,369.6766,29.692,正常运行,Status: Normal,V2,深度负电价-午间夏季,neg_price_noon_summer
2025-08-02 04:15:00,广东省,3.6465,0.0,395.0448,29.984,正常运行,Status: Normal,V2,深度负电价-午间夏季,neg_price_noon_summer
2025-08-02 04:30:00,广东省,3.4836,0.0204,320.7749,29.025,正常运行,Status: Normal,V2,深度负电价-午间夏季,neg_price_noon_summer
2025-08-02 04:45:00,广东省,3.6115,0.1059,422.2452,29.841,正常运行,Status: Normal,V2,深度负电价-午间夏季,neg_price_noon_summer
2025-08-02 05:00:00,广东省,3.8591,0.0294,363.0937,28.66,正常运行,Status: Normal,V2,深度负电价-午间夏季,neg_price_noon_summer
2025-08-02 05:15:00,广东省,3.5651,0.0626,416.4711,28.152,正常运行,Status: Normal,V2,深度负电价-午间夏季,neg_price_noon_summer
2025-08-02 05:30:00,广东省,3.6729,0.0,415.0359,28.794,正常运行,Status: Normal,V2,深度负电价-午间夏季,neg_price_noon_summer
2025-08-02 05:45:00,广东省,3.615,0.0665,376.8439,29.262,正常运行,Status: Normal,V2,深度负电价-午间夏季,neg_price_noon_summer
2025-08-02 06:00:00,广东省,3.6709,0.0,370.1243,29.919,正常运行,Status: Normal,V2,深度负电价-午间夏季,neg_price_noon_summer
2025-08-02 06:15:00,广东省,3.72,0.0,371.3577,28.578,正常运行,Status: Normal,V2,深度负电价-午间夏季,neg_price_noon_summer
2025-08-02 06:30:00,广东省,3.8392,0.6453,378.6569,29.329,正常运行,Status: Normal,V2,深度负电价-午间夏季,neg_price_noon_summer
2025-08-02 06:45:00,广东省,3.7006,0.7301,364.6364,29.665,正常运行,Status: Normal,V2,深度负电价-午间夏季,neg_price_noon_summer
2025-08-02 07:00:00,广东省,3.7619,1.0144,344.4227,29.996,正常运行,Status: Normal,V2,深度负电价-午间夏季,neg_price_noon_summer
2025-08-02 07:15:00,广东省,3.759,1.3428,338.8624,29.501,正常运行,Status: Normal,V2,深度负电价-午间夏季,neg_price_noon_summer
2025-08-02 07:30:00,广东省,3.6259,1.5758,308.4454,29.265,正常运行,Status: Normal,V2,深度负电价-午间夏季,neg_price_noon_summer
2025-08-02 07:45:00,广东省,3.8749,1.6278,260.508,29.518,正常运行,Status: Normal,V2,深度负电价-午间夏季,neg_price_noon_summer
2025-08-02 08:00:00,广东省,3.721,2.2123,309.8238,30.181,正常运行,Status: Normal,V2,深度负电价-午间夏季,neg_price_noon_summer
2025-08-02 08:15:00,广东省,3.6808,2.5258,279.4985,29.669,正常运行,Status: Normal,V2,深度负电价-午间夏季,neg_price_noon_summer
2025-08-02 08:30:00,广东省,3.8728,2.3727,254.6985,30.483,正常运行,Status: Normal,V2,深度负电价-午间夏季,neg_price_noon_summer
2025-08-02 08:45:00,广东省,3.6939,2.8078,182.545,31.07,正常运行,Status: Normal,V2,深度负电价-午间夏季,neg_price_noon_summer
2025-08-02 09:00:00,广东省,3.9032,3.1242,180.8461,30.739,正常运行,Status: Normal,V2,深度负电价-午间夏季,neg_price_noon_summer
2025-08-02 09:15:00,广东省,3.741,3.2586,111.6294,30.746,正常运行,Status: Normal,V2,深度负电价-午间夏季,neg_price_noon_summer
2025-08-02 09:30:00,广东省,3.7551,2.4886,109.1915,31.626,正常运行,Status: Normal,V2,深度负电价-午间夏季,neg_price_noon_summer
2025-08-02 09:45:00,广东省,3.7587,3.4852,71.3142,31.668,正常运行,Status: Normal,V2,深度负电价-午间夏季,neg_price_noon_summer
2025-08-02 10:00:00,广东省,3.8989,3.7394,-22.0647,31.397,正常运行,Status: Normal,V2,深度负电价-午间夏季,neg_price_noon_summer
2025-08-02 10:15:00,广东省,4.0608,4.3503,-41.5486,31.393,正常运行,Status: Normal,V2,深度负电价-午间夏季,neg_price_noon_summer
2025-08-02 10:30:00,广东省,3.7574,4.5455,-69.6726,32.185,正常运行,Status: Normal,V2,深度负电价-午间夏季,neg_price_noon_summer
2025-08-02 10:45:00,广东省,3.9923,3.7037,-145.9785,32.258,正常运行,Status: Normal,V2,深度负电价-午间夏季,neg_price_noon_summer
2025-08-02 11:00:00,广东省,3.9493,4.5003,-177.9182,32.859,正常运行,Status: Normal,V2,深度负电价-午间夏季,neg_price_noon_summer
2025-08-02 11:15:00,广东省,3.5431,4.5402,-210.5946,32.273,正常运行,Status: Normal,V2,深度负电价-午间夏季,neg_price_noon_summer
2025-08-02 11:30:00,广东省,3.9753,3.898,-195.1192,33.115,正常运行,Status: Normal,V2,深度负电价-午间夏季,neg_price_noon_summer
2025-08-02 11:45:00,广东省,3.9844,4.8108,-286.0821,33.512,正常运行,Status: Normal,V2,深度负电价-午间夏季,neg_price_noon_summer
2025-08-02 12:00:00,广东省,4.0866,4.8081,-309.0387,33.547,负电价消纳,现货市场公告：新能源大发，系统调峰空间不足，出清价格跌至负值，调度建议储能尽可能吸纳过剩新能源并避免在低价时段向电网反送电。,V2,深度负电价-午间夏季,neg_price_noon_summer
2025-08-02 12:15:00,广东省,3.9969,4.6249,-324.6761,33.779,正常运行,Status: Normal,V2,深度负电价-午间夏季,neg_price_noon_summer
2025-08-02 12:30:00,广东省,3.8578,4.2065,-369.7934,33.719,正常运行,Status: Normal,V2,深度负电价-午间夏季,neg_price_noon_summer
2025-08-02 12:45:00,广东省,4.0099,4.0531,-301.6196,33.879,正常运行,Status: Normal,V2,深度负电价-午间夏季,neg_price_noon_summer
2025-08-02 13:00:00,广东省,4.2095,4.5436,-286.7294,33.912,正常运行,Status: Normal,V2,深度负电价-午间夏季,neg_price_noon_summer
2025-08-02 13:15:00,广东省,4.1438,4.7735,-304.6926,33.747,正常运行,Status: Normal,V2,深度负电价-午间夏季,neg_price_noon_summer
2025-08-02 13:30:00,广东省,4.0626,4.6,-240.6941,35.323,正常运行,Status: Normal,V2,深度负电价-午间夏季,neg_price_noon_summer
2025-08-02 13:45:00,广东省,3.9605,4.6142,-194.8744,34.744,正常运行,Status: Normal,V2,深度负电价-午间夏季,neg_price_noon_summer
2025-08-02 14:00:00,广东省,4.1006,2.9688,-126.3466,34.942,正常运行,Status: Normal,V2,深度负电价-午间夏季,neg_price_noon_summer
2025-08-02 14:15:00,广东省,4.2336,3.2815,-120.7052,34.921,负电价消纳,现货市场公告：新能源大发，系统调峰空间不足，出清价格跌至负值，调度建议储能尽可能吸纳过剩新能源并避免在低价时段向电网反送电。,V2,深度负电价-午间夏季,neg_price_noon_summer
2025-08-02 14:30:00,广东省,4.1313,3.9261,-79.4358,35.27,正常运行,Status: Normal,V2,深度负电价-午间夏季,neg_price_noon_summer
2025-08-02 14:45:00,广东省,3.9696,3.1967,13.4295,34.958,正常运行,Status: Normal,V2,深度负电价-午间夏季,neg_price_noon_summer
2025-08-02 15:00:00,广东省,4.0071,3.0815,89.4719,36.008,正常运行,Status: Normal,V2,深度负电价-午间夏季,neg_price_noon_summer
2025-08-02 15:15:00,广东省,4.0874,2.7177,120.1586,33.876,正常运行,Status: Normal,V2,深度负电价-午间夏季,neg_price_noon_summer
2025-08-02 15:30:00,广东省,4.183,3.1181,113.6556,34.019,正常运行,Status: Normal,V2,深度负电价-午间夏季,neg_price_noon_summer
2025-08-02 15:45:00,广东省,4.5022,2.4531,169.7904,34.921,高温预警,广东气象台发布高温橙色预警，预计晚高峰空调负荷显著上升。,V2,深度负电价-午间夏季,neg_price_noon_summer
2025-08-02 16:00:00,广东省,4.4635,2.2838,206.6261,34.484,正常运行,Status: Normal,V2,深度负电价-午间夏季,neg_price_noon_summer
2025-08-02 16:15:00,广东省,4.133,2.2134,276.1238,34.527,正常运行,Status: Normal,V2,深度负电价-午间夏季,neg_price_noon_summer
2025-08-02 16:30:00,广东省,4.2774,1.9998,222.1604,34.98,正常运行,Status: Normal,V2,深度负电价-午间夏季,neg_price_noon_summer
2025-08-02 16:45:00,广东省,4.4317,1.7169,248.7216,33.36,正常运行,Status: Normal,V2,深度负电价-午间夏季,neg_price_noon_summer
2025-08-02 17:00:00,广东省,4.3988,1.3831,322.815,33.398,正常运行,Status: Normal,V2,深度负电价-午间夏季,neg_price_noon_summer
2025-08-02 17:15:00,广东省,4.3965,1.2503,348.8766,33.913,正常运行,Status: Normal,V2,深度负电价-午间夏季,neg_price_noon_summer
2025-08-02 17:30:00,广东省,4.5513,0.7077,352.5659,33.583,正常运行,Status: Normal,V2,深度负电价-午间夏季,neg_price_noon_summer
2025-08-02 17:45:00,广东省,4.8148,0.3514,387.2661,33.354,需求响应,电力交易中心发布需求响应邀约，鼓励用户在晚高峰削减负荷。,V2,深度负电价-午间夏季,neg_price_noon_summer
2025-08-02 18:00:00,广东省,4.7599,0.288,425.2874,34.508,正常运行,Status: Normal,V2,深度负电价-午间夏季,neg_price_noon_summer
2025-08-02 18:15:00,广东省,4.9104,0.0563,442.2879,33.872,正常运行,Status: Normal,V2,深度负电价-午间夏季,neg_price_noon_summer
2025-08-02 18:30:00,广东省,4.8575,0.0,402.0408,33.042,正常运行,Status: Normal,V2,深度负电价-午间夏季,neg_price_noon_summer
2025-08-02 18:45:00,广东省,4.8352,0.0431,396.3262,31.915,正常运行,Status: Normal,V2,深度负电价-午间夏季,neg_price_noon_summer
2025-08-02 19:00:00,广东省,5.0628,0.0614,414.4283,32.762,正常运行,Status: Normal,V2,深度负电价-午间夏季,neg_price_noon_summer
2025-08-02 19:15:00,广东省,5.0466,0.0303,407.5632,31.912,正常运行,Status: Normal,V2,深度负电价-午间夏季,neg_price_noon_summer
2025-08-02 19:30:00,广东省,4.719,0.0486,421.5262,31.815,正常运行,Status: Normal,V2,深度负电价-午间夏季,neg_price_noon_summer
2025-08-02 19:45:00,广东省,4.9362,0.0,412.1869,32.232,正常运行,Status: Normal,V2,深度负电价-午间夏季,neg_price_noon_summer
2025-08-02 20:00:00,广东省,4.9151,0.1009,429.8557,32.752,价格尖峰,现货市场公告提示日前价格异常波动，晚高峰可能出现尖峰电价。,V2,深度负电价-午间夏季,neg_price_noon_summer
2025-08-02 20:15:00,广东省,4.8515,0.0436,434.7952,31.06,正常运行,Status: Normal,V2,深度负电价-午间夏季,neg_price_noon_summer
2025-08-02 20:30:00,广东省,5.0477,0.0,434.3129,31.956,正常运行,Status: Normal,V2,深度负电价-午间夏季,neg_price_noon_summer
2025-08-02 20:45:00,广东省,4.7798,0.0204,398.41,31.141,正常运行,Status: Normal,V2,深度负电价-午间夏季,neg_price_noon_summer
2025-08-02 21:00:00,广东省,4.6466,0.0047,463.712,31.56,正常运行,Status: Normal,V2,深度负电价-午间夏季,neg_price_noon_summer
2025-08-02 21:15:00,广东省,4.7333,0.0,388.7247,30.267,正常运行,Status: Normal,V2,深度负电价-午间夏季,neg_price_noon_summer
2025-08-02 21:30:00,广东省,5.0987,0.0,436.3358,29.528,正常运行,Status: Normal,V2,深度负电价-午间夏季,neg_price_noon_summer
2025-08-02 21:45:00,广东省,4.4502,0.0,399.612,30.073,正常运行,Status: Normal,V2,深度负电价-午间夏季,neg_price_noon_summer
2025-08-02 22:00:00,广东省,4.4805,0.1147,397.2236,29.995,正常运行,Status: Normal,V2,深度负电价-午间夏季,neg_price_noon_summer
2025-08-02 22:15:00,广东省,4.5213,0.1367,380.8678,30.948,正常运行,Status: Normal,V2,深度负电价-午间夏季,neg_price_noon_summer
2025-08-02 22:30:00,广东省,4.2864,0.0,413.8373,30.411,正常运行,Status: Normal,V2,深度负电价-午间夏季,neg_price_noon_summer
2025-08-02 22:45:00,广东省,4.1284,0.072,431.0036,30.556,正常运行,Status: Normal,V2,深度负电价-午间夏季,neg_price_noon_summer
2025-08-02 23:00:00,广东省,4.1819,0.0127,377.5909,29.337,正常运行,Status: Normal,V2,深度负电价-午间夏季,neg_price_noon_summer
2025-08-02 23:15:00,广东省,4.1693,0.0,425.0632,29.696,正常运行,Status: Normal,V2,深度负电价-午间夏季,neg_price_noon_summer
2025-08-02 23:30:00,广东省,4.0846,0.0,387.101,29.402,正常运行,Status: Normal,V2,深度负电价-午间夏季,neg_price_noon_summer
2025-08-02 23:45:00,广东省,4.049,0.0808,384.7467,30.164,正常运行,Status: Normal,V2,深度负电价-午间夏季,neg_price_noon_summer
2025-08-03 00:00:00,广东省,3.4072,0.0,362.8195,28.947,正常运行,Status: Normal,V2,深度负电价-午间夏季,neg_price_noon_summer
2025-08-03 00:15:00,广东省,3.6402,0.0831,376.0021,28.684,正常运行,Status: Normal,V2,深度负电价-午间夏季,neg_price_noon_summer
2025-08-03 00:30:00,广东省,3.799,0.08,357.0814,29.764,正常运行,Status: Normal,V2,深度负电价-午间夏季,neg_price_noon_summer
2025-08-03 00:45:00,广东省,3.5212,0.1089,402.3663,29.528,正常运行,Status: Normal,V2,深度负电价-午间夏季,neg_price_noon_summer
2025-08-03 01:00:00,广东省,3.5313,0.0,348.3403,29.278,正常运行,Status: Normal,V2,深度负电价-午间夏季,neg_price_noon_summer
2025-08-03 01:15:00,广东省,3.6897,0.0,313.0533,28.474,正常运行,Status: Normal,V2,深度负电价-午间夏季,neg_price_noon_summer
2025-08-03 01:30:00,广东省,3.5495,0.0,386.4767,29.683,正常运行,Status: Normal,V2,深度负电价-午间夏季,neg_price_noon_summer
2025-08-03 01:45:00,广东省,3.5643,0.0664,391.0515,29.099,正常运行,Status: Normal,V2,深度负电价-午间夏季,neg_price_noon_summer
2025-08-03 02:00:00,广东省,3.6548,0.0,401.5824,29.123,正常运行,Status: Normal,V2,深度负电价-午间夏季,neg_price_noon_summer
2025-08-03 02:15:00,广东省,3.5912,0.0438,378.4114,28.875,正常运行,Status: Normal,V2,深度负电价-午间夏季,neg_price_noon_summer
2025-08-03 02:30:00,广东省,3.6764,0.061,373.6433,29.618,正常运行,Status: Normal,V2,深度负电价-午间夏季,neg_price_noon_summer
2025-08-03 02:45:00,广东省,3.7043,0.0426,372.5149,29.262,正常运行,Status: Normal,V2,深度负电价-午间夏季,neg_price_noon_summer
2025-08-03 03:00:00,广东省,3.5262,0.0354,372.0747,29.595,正常运行,Status: Normal,V2,深度负电价-午间夏季,neg_price_noon_summer
2025-08-03 03:15:00,广东省,3.6254,0.0,365.3193,28.385,正常运行,Status: Normal,V2,深度负电价-午间夏季,neg_price_noon_summer
2025-08-03 03:30:00,广东省,3.6414,0.0,383.9499,28.746,正常运行,Status: Normal,V2,深度负电价-午间夏季,neg_price_noon_summer
2025-08-03 03:45:00,广东省,3.7627,0.0,385.3267,29.044,正常运行,Status: Normal,V2,深度负电价-午间夏季,neg_price_noon_summer
2025-08-03 04:00:00,广东省,3.5812,0.0,402.12,28.819,正常运行,Status: Normal,V2,深度负电价-午间夏季,neg_price_noon_summer
2025-08-03 04:15:00,广东省,3.7637,0.0,444.0995,29.233,正常运行,Status: Normal,V2,深度负电价-午间夏季,neg_price_noon_summer
2025-08-03 04:30:00,广东省,3.5684,0.0189,351.7951,29.043,正常运行,Status: Normal,V2,深度负电价-午间夏季,neg_price_noon_summer
2025-08-03 04:45:00,广东省,3.4841,0.0323,341.5277,29.114,正常运行,Status: Normal,V2,深度负电价-午间夏季,neg_price_noon_summer
2025-08-03 05:00:00,广东省,3.6851,0.0,351.0368,28.692,正常运行,Status: Normal,V2,深度负电价-午间夏季,neg_price_noon_summer
2025-08-03 05:15:00,广东省,3.5433,0.0629,357.9478,29.697,正常运行,Status: Normal,V2,深度负电价-午间夏季,neg_price_noon_summer
2025-08-03 05:30:00,广东省,3.6035,0.0,376.0008,29.958,正常运行,Status: Normal,V2,深度负电价-午间夏季,neg_price_noon_summer
2025-08-03 05:45:00,广东省,3.4347,0.0168,404.6906,29.223,正常运行,Status: Normal,V2,深度负电价-午间夏季,neg_price_noon_summer
2025-08-03 06:00:00,广东省,3.8589,0.0,381.5639,29.202,正常运行,Status: Normal,V2,深度负电价-午间夏季,neg_price_noon_summer
2025-08-03 06:15:00,广东省,3.5921,0.1046,409.5307,30.016,正常运行,Status: Normal,V2,深度负电价-午间夏季,neg_price_noon_summer
2025-08-03 06:30:00,广东省,3.5459,0.1039,353.9086,29.511,正常运行,Status: Normal,V2,深度负电价-午间夏季,neg_price_noon_summer
2025-08-03 06:45:00,广东省,3.8049,0.5152,380.712,30.525,正常运行,Status: Normal,V2,深度负电价-午间夏季,neg_price_noon_summer
2025-08-03 07:00:00,广东省,3.4619,0.9238,397.922,29.606,正常运行,Status: Normal,V2,深度负电价-午间夏季,neg_price_noon_summer
2025-08-03 07:15:00,广东省,3.4842,1.1498,336.4189,29.321,正常运行,Status: Normal,V2,深度负电价-午间夏季,neg_price_noon_summer
2025-08-03 07:30:00,广东省,3.8078,0.8513,351.7268,30.725,正常运行,Status: Normal,V2,深度负电价-午间夏季,neg_price_noon_summer
2025-08-03 07:45:00,广东省,3.4809,1.3375,323.432,29.503,正常运行,Status: Normal,V2,深度负电价-午间夏季,neg_price_noon_summer
2025-08-03 08:00:00,广东省,3.5164,1.7243,281.8951,30.133,正常运行,Status: Normal,V2,深度负电价-午间夏季,neg_price_noon_summer
2025-08-03 08:15:00,广东省,3.6302,1.8338,291.9648,29.101,正常运行,Status: Normal,V2,深度负电价-午间夏季,neg_price_noon_summer
2025-08-03 08:30:00,广东省,3.5721,1.9596,205.9345,30.557,正常运行,Status: Normal,V2,深度负电价-午间夏季,neg_price_noon_summer
2025-08-03 08:45:00,广东省,3.5302,1.9492,178.4981,30.588,正常运行,Status: Normal,V2,深度负电价-午间夏季,neg_price_noon_summer
2025-08-03 09:00:00,广东省,3.6155,2.0901,187.0425,30.191,正常运行,Status: Normal,V2,深度负电价-午间夏季,neg_price_noon_summer
2025-08-03 09:15:00,广东省,3.7029,2.1964,150.3853,30.483,正常运行,Status: Normal,V2,深度负电价-午间夏季,neg_price_noon_summer
2025-08-03 09:30:00,广东省,3.8438,2.4028,93.9395,30.929,正常运行,Status: Normal,V2,深度负电价-午间夏季,neg_price_noon_summer
2025-08-03 09:45:00,广东省,3.5306,2.0278,60.7943,31.882,正常运行,Status: Normal,V2,深度负电价-午间夏季,neg_price_noon_summer
2025-08-03 10:00:00,广东省,3.7629,2.6756,23.9445,32.238,正常运行,Status: Normal,V2,深度负电价-午间夏季,neg_price_noon_summer
2025-08-03 10:15:00,广东省,3.8033,2.7115,-35.346,31.718,正常运行,Status: Normal,V2,深度负电价-午间夏季,neg_price_noon_summer
2025-08-03 10:30:00,广东省,3.7798,2.4281,-107.1413,32.582,负电价消纳,现货市场公告：新能源大发，系统调峰空间不足，出清价格跌至负值，调度建议储能尽可能吸纳过剩新能源并避免在低价时段向电网反送电。,V2,深度负电价-午间夏季,neg_price_noon_summer
2025-08-03 10:45:00,广东省,3.7415,2.676,-148.0029,32.126,正常运行,Status: Normal,V2,深度负电价-午间夏季,neg_price_noon_summer
2025-08-03 11:00:00,广东省,3.8283,2.7107,-198.2146,32.613,正常运行,Status: Normal,V2,深度负电价-午间夏季,neg_price_noon_summer
2025-08-03 11:15:00,广东省,3.7046,2.1867,-220.1515,33.389,正常运行,Status: Normal,V2,深度负电价-午间夏季,neg_price_noon_summer
2025-08-03 11:30:00,广东省,3.8718,2.9273,-300.1863,32.024,正常运行,Status: Normal,V2,深度负电价-午间夏季,neg_price_noon_summer
2025-08-03 11:45:00,广东省,3.7485,2.8667,-306.6398,33.098,正常运行,Status: Normal,V2,深度负电价-午间夏季,neg_price_noon_summer
2025-08-03 12:00:00,广东省,3.9463,3.6269,-327.0524,33.544,正常运行,Status: Normal,V2,深度负电价-午间夏季,neg_price_noon_summer
2025-08-03 12:15:00,广东省,3.7946,3.8231,-368.0053,33.657,正常运行,Status: Normal,V2,深度负电价-午间夏季,neg_price_noon_summer
2025-08-03 12:30:00,广东省,4.0329,3.3221,-300.1417,34.19,正常运行,Status: Normal,V2,深度负电价-午间夏季,neg_price_noon_summer
2025-08-03 12:45:00,广东省,4.0809,2.835,-338.9772,33.56,负电价消纳,现货市场公告：新能源大发，系统调峰空间不足，出清价格跌至负值，调度建议储能尽可能吸纳过剩新能源并避免在低价时段向电网反送电。,V2,深度负电价-午间夏季,neg_price_noon_summer
2025-08-03 13:00:00,广东省,3.9847,3.0009,-372.6839,33.834,正常运行,Status: Normal,V2,深度负电价-午间夏季,neg_price_noon_summer
2025-08-03 13:15:00,广东省,4.0271,3.5783,-299.7034,34.157,正常运行,Status: Normal,V2,深度负电价-午间夏季,neg_price_noon_summer
2025-08-03 13:30:00,广东省,3.9597,2.9401,-250.032,34.218,正常运行,Status: Normal,V2,深度负电价-午间夏季,neg_price_noon_summer
2025-08-03 13:45:00,广东省,3.9548,2.556,-235.8083,34.211,正常运行,Status: Normal,V2,深度负电价-午间夏季,neg_price_noon_summer
2025-08-03 14:00:00,广东省,3.6511,2.8135,-140.2622,34.186,正常运行,Status: Normal,V2,深度负电价-午间夏季,neg_price_noon_summer
2025-08-03 14:15:00,广东省,3.9979,2.3506,-61.535,34.56,正常运行,Status: Normal,V2,深度负电价-午间夏季,neg_price_noon_summer
2025-08-03 14:30:00,广东省,3.9184,2.0468,-97.2609,34.631,高温预警,广东气象台发布高温橙色预警，预计晚高峰空调负荷显著上升。,V2,深度负电价-午间夏季,neg_price_noon_summer
2025-08-03 14:45:00,广东省,4.0262,2.4933,-32.2685,35.642,正常运行,Status: Normal,V2,深度负电价-午间夏季,neg_price_noon_summer
2025-08-03 15:00:00,广东省,4.0831,2.2331,50.0326,34.475,负电价消纳,现货市场公告：新能源大发，系统调峰空间不足，出清价格跌至负值，调度建议储能尽可能吸纳过剩新能源并避免在低价时段向电网反送电。,V2,深度负电价-午间夏季,neg_price_noon_summer
2025-08-03 15:15:00,广东省,3.9502,2.0243,45.4271,35.935,正常运行,Status: Normal,V2,深度负电价-午间夏季,neg_price_noon_summer
2025-08-03 15:30:00,广东省,4.075,2.2358,180.3923,34.881,正常运行,Status: Normal,V2,深度负电价-午间夏季,neg_price_noon_summer
2025-08-03 15:45:00,广东省,4.0591,1.5046,165.7075,34.877,正常运行,Status: Normal,V2,深度负电价-午间夏季,neg_price_noon_summer
2025-08-03 16:00:00,广东省,4.13,1.9806,243.9027,34.585,正常运行,Status: Normal,V2,深度负电价-午间夏季,neg_price_noon_summer
2025-08-03 16:15:00,广东省,4.4061,1.3835,234.6921,35.477,正常运行,Status: Normal,V2,深度负电价-午间夏季,neg_price_noon_summer
2025-08-03 16:30:00,广东省,4.134,1.0695,297.0807,34.658,正常运行,Status: Normal,V2,深度负电价-午间夏季,neg_price_noon_summer
2025-08-03 16:45:00,广东省,4.3529,1.3378,360.8541,34.474,正常运行,Status: Normal,V2,深度负电价-午间夏季,neg_price_noon_summer
2025-08-03 17:00:00,广东省,4.5757,1.0516,320.8323,33.723,正常运行,Status: Normal,V2,深度负电价-午间夏季,neg_price_noon_summer
2025-08-03 17:15:00,广东省,4.3775,0.4411,347.1075,33.719,正常运行,Status: Normal,V2,深度负电价-午间夏季,neg_price_noon_summer
2025-08-03 17:30:00,广东省,4.2736,0.4623,396.3827,34.164,正常运行,Status: Normal,V2,深度负电价-午间夏季,neg_price_noon_summer
2025-08-03 17:45:00,广东省,4.4203,0.3047,387.454,33.245,正常运行,Status: Normal,V2,深度负电价-午间夏季,neg_price_noon_summer
2025-08-03 18:00:00,广东省,4.4493,0.1936,374.9497,33.372,正常运行,Status: Normal,V2,深度负电价-午间夏季,neg_price_noon_summer
2025-08-03 18:15:00,广东省,4.7581,0.0,454.9643,32.222,正常运行,Status: Normal,V2,深度负电价-午间夏季,neg_price_noon_summer
2025-08-03 18:30:00,广东省,4.874,0.0,420.5803,32.184,正常运行,Status: Normal,V2,深度负电价-午间夏季,neg_price_noon_summer
2025-08-03 18:45:00,广东省,4.6343,0.0,410.6274,32.053,正常运行,Status: Normal,V2,深度负电价-午间夏季,neg_price_noon_summer
2025-08-03 19:00:00,广东省,4.9963,0.0,434.2244,32.256,正常运行,Status: Normal,V2,深度负电价-午间夏季,neg_price_noon_summer
2025-08-03 19:15:00,广东省,4.8165,0.0,432.8218,32.04,价格尖峰,现货市场公告提示日前价格异常波动，晚高峰可能出现尖峰电价。,V2,深度负电价-午间夏季,neg_price_noon_summer
2025-08-03 19:30:00,广东省,4.9491,0.0,425.5027,32.382,正常运行,Status: Normal,V2,深度负电价-午间夏季,neg_price_noon_summer
2025-08-03 19:45:00,广东省,4.7117,0.0501,408.9092,31.432,正常运行,Status: Normal,V2,深度负电价-午间夏季,neg_price_noon_summer
2025-08-03 20:00:00,广东省,4.7567,0.0,436.8623,31.629,正常运行,Status: Normal,V2,深度负电价-午间夏季,neg_price_noon_summer
2025-08-03 20:15:00,广东省,4.7672,0.0,393.6789,31.78,正常运行,Status: Normal,V2,深度负电价-午间夏季,neg_price_noon_summer
2025-08-03 20:30:00,广东省,4.6537,0.0,452.768,30.807,正常运行,Status: Normal,V2,深度负电价-午间夏季,neg_price_noon_summer
2025-08-03 20:45:00,广东省,4.9028,0.1811,418.1216,30.407,正常运行,Status: Normal,V2,深度负电价-午间夏季,neg_price_noon_summer
2025-08-03 21:00:00,广东省,4.5922,0.043,410.2565,30.771,正常运行,Status: Normal,V2,深度负电价-午间夏季,neg_price_noon_summer
2025-08-03 21:15:00,广东省,4.7004,0.0,447.969,31.391,正常运行,Status: Normal,V2,深度负电价-午间夏季,neg_price_noon_summer
2025-08-03 21:30:00,广东省,4.6176,0.0607,421.9019,29.853,正常运行,Status: Normal,V2,深度负电价-午间夏季,neg_price_noon_summer
2025-08-03 21:45:00,广东省,4.3249,0.0077,430.2886,29.687,正常运行,Status: Normal,V2,深度负电价-午间夏季,neg_price_noon_summer
2025-08-03 22:00:00,广东省,4.4725,0.0925,412.6671,30.38,正常运行,Status: Normal,V2,深度负电价-午间夏季,neg_price_noon_summer
2025-08-03 22:15:00,广东省,4.1076,0.131,413.1964,30.291,正常运行,Status: Normal,V2,深度负电价-午间夏季,neg_price_noon_summer
2025-08-03 22:30:00,广东省,3.9973,0.0,384.3957,29.49,正常运行,Status: Normal,V2,深度负电价-午间夏季,neg_price_noon_summer
2025-08-03 22:45:00,广东省,4.2809,0.0,387.8645,29.951,正常运行,Status: Normal,V2,深度负电价-午间夏季,neg_price_noon_summer
2025-08-03 23:00:00,广东省,4.1726,0.0,400.8193,29.88,正常运行,Status: Normal,V2,深度负电价-午间夏季,neg_price_noon_summer
2025-08-03 23:15:00,广东省,4.0781,0.0,414.2126,29.822,正常运行,Status: Normal,V2,深度负电价-午间夏季,neg_price_noon_summer
2025-08-03 23:30:00,广东省,3.8031,0.0,394.3794,29.56,正常运行,Status: Normal,V2,深度负电价-午间夏季,neg_price_noon_summer
2025-08-03 23:45:00,广东省,3.8778,0.0777,359.6981,30.188,正常运行,Status: Normal,V2,深度负电价-午间夏季,neg_price_noon_summer
2025-08-04 00:00:00,广东省,3.598,0.0521,370.6818,29.498,正常运行,Status: Normal,V2,深度负电价-午间夏季,neg_price_noon_summer
2025-08-04 00:15:00,广东省,3.4162,0.0,371.3452,28.054,正常运行,Status: Normal,V2,深度负电价-午间夏季,neg_price_noon_summer
2025-08-04 00:30:00,广东省,3.4676,0.1282,383.0354,29.097,正常运行,Status: Normal,V2,深度负电价-午间夏季,neg_price_noon_summer
2025-08-04 00:45:00,广东省,3.5682,0.1163,384.3598,28.987,正常运行,Status: Normal,V2,深度负电价-午间夏季,neg_price_noon_summer
2025-08-04 01:00:00,广东省,3.3801,0.1474,352.3274,28.657,正常运行,Status: Normal,V2,深度负电价-午间夏季,neg_price_noon_summer
2025-08-04 01:15:00,广东省,3.402,0.015,404.3533,28.721,正常运行,Status: Normal,V2,深度负电价-午间夏季,neg_price_noon_summer
2025-08-04 01:30:00,广东省,3.4129,0.0,350.7758,29.723,正常运行,Status: Normal,V2,深度负电价-午间夏季,neg_price_noon_summer
2025-08-04 01:45:00,广东省,3.5605,0.0,339.3658,29.58,正常运行,Status: Normal,V2,深度负电价-午间夏季,neg_price_noon_summer
2025-08-04 02:00:00,广东省,3.3031,0.1437,382.0695,29.735,正常运行,Status: Normal,V2,深度负电价-午间夏季,neg_price_noon_summer
2025-08-04 02:15:00,广东省,3.5475,0.0,356.5892,28.934,正常运行,Status: Normal,V2,深度负电价-午间夏季,neg_price_noon_summer
2025-08-04 02:30:00,广东省,3.6389,0.0,366.2406,28.677,正常运行,Status: Normal,V2,深度负电价-午间夏季,neg_price_noon_summer
2025-08-04 02:45:00,广东省,3.4438,0.039,371.3676,28.822,正常运行,Status: Normal,V2,深度负电价-午间夏季,neg_price_noon_summer
2025-08-04 03:00:00,广东省,3.5849,0.0,409.2458,29.206,正常运行,Status: Normal,V2,深度负电价-午间夏季,neg_price_noon_summer
2025-08-04 03:15:00,广东省,3.476,0.0199,373.5597,29.359,正常运行,Status: Normal,V2,深度负电价-午间夏季,neg_price_noon_summer
2025-08-04 03:30:00,广东省,3.6687,0.0,407.6757,28.848,正常运行,Status: Normal,V2,深度负电价-午间夏季,neg_price_noon_summer
2025-08-04 03:45:00,广东省,3.5374,0.0161,378.3181,28.275,正常运行,Status: Normal,V2,深度负电价-午间夏季,neg_price_noon_summer
2025-08-04 04:00:00,广东省,3.2071,0.0,358.6099,29.288,正常运行,Status: Normal,V2,深度负电价-午间夏季,neg_price_noon_summer
2025-08-04 04:15:00,广东省,3.4656,0.0068,354.8869,28.379,正常运行,Status: Normal,V2,深度负电价-午间夏季,neg_price_noon_summer
2025-08-04 04:30:00,广东省,3.5031,0.0,352.6518,28.571,正常运行,Status: Normal,V2,深度负电价-午间夏季,neg_price_noon_summer
2025-08-04 04:45:00,广东省,3.638,0.0733,347.5597,29.178,正常运行,Status: Normal,V2,深度负电价-午间夏季,neg_price_noon_summer
2025-08-04 05:00:00,广东省,3.4909,0.2149,385.0856,29.275,正常运行,Status: Normal,V2,深度负电价-午间夏季,neg_price_noon_summer
2025-08-04 05:15:00,广东省,3.3951,0.0,342.9595,28.99,正常运行,Status: Normal,V2,深度负电价-午间夏季,neg_price_noon_summer
2025-08-04 05:30:00,广东省,3.6338,0.0,380.8729,29.75,正常运行,Status: Normal,V2,深度负电价-午间夏季,neg_price_noon_summer
2025-08-04 05:45:00,广东省,3.4609,0.0153,352.8517,29.275,正常运行,Status: Normal,V2,深度负电价-午间夏季,neg_price_noon_summer
2025-08-04 06:00:00,广东省,3.5653,0.0,344.2402,29.699,正常运行,Status: Normal,V2,深度负电价-午间夏季,neg_price_noon_summer
2025-08-04 06:15:00,广东省,3.4328,0.0697,346.969,30.541,正常运行,Status: Normal,V2,深度负电价-午间夏季,neg_price_noon_summer
2025-08-04 06:30:00,广东省,3.4928,0.1476,394.9361,28.943,正常运行,Status: Normal,V2,深度负电价-午间夏季,neg_price_noon_summer
2025-08-04 06:45:00,广东省,3.6608,0.3487,335.9564,29.341,正常运行,Status: Normal,V2,深度负电价-午间夏季,neg_price_noon_summer
2025-08-04 07:00:00,广东省,3.5215,0.7919,329.8978,29.358,正常运行,Status: Normal,V2,深度负电价-午间夏季,neg_price_noon_summer
2025-08-04 07:15:00,广东省,3.4419,0.6838,360.9656,29.718,正常运行,Status: Normal,V2,深度负电价-午间夏季,neg_price_noon_summer
2025-08-04 07:30:00,广东省,3.4363,0.6403,279.0783,30.854,正常运行,Status: Normal,V2,深度负电价-午间夏季,neg_price_noon_summer
2025-08-04 07:45:00,广东省,3.6897,1.1035,315.7239,30.212,正常运行,Status: Normal,V2,深度负电价-午间夏季,neg_price_noon_summer
2025-08-04 08:00:00,广东省,3.5211,1.0953,306.5706,31.193,正常运行,Status: Normal,V2,深度负电价-午间夏季,neg_price_noon_summer
2025-08-04 08:15:00,广东省,3.766,1.6078,290.0683,30.499,正常运行,Status: Normal,V2,深度负电价-午间夏季,neg_price_noon_summer
2025-08-04 08:30:00,广东省,3.5544,1.4316,217.715,31.22,正常运行,Status: Normal,V2,深度负电价-午间夏季,neg_price_noon_summer
2025-08-04 08:45:00,广东省,3.6211,1.5638,214.9099,31.085,正常运行,Status: Normal,V2,深度负电价-午间夏季,neg_price_noon_summer
2025-08-04 09:00:00,广东省,3.7481,2.1653,166.7648,30.916,正常运行,Status: Normal,V2,深度负电价-午间夏季,neg_price_noon_summer
2025-08-04 09:15:00,广东省,3.2737,1.5984,176.1185,31.249,正常运行,Status: Normal,V2,深度负电价-午间夏季,neg_price_noon_summer
2025-08-04 09:30:00,广东省,3.6533,1.6514,106.8877,31.568,正常运行,Status: Normal,V2,深度负电价-午间夏季,neg_price_noon_summer
2025-08-04 09:45:00,广东省,3.673,2.2082,65.5024,31.863,正常运行,Status: Normal,V2,深度负电价-午间夏季,neg_price_noon_summer
2025-08-04 10:00:00,广东省,3.6227,2.538,-2.1464,31.952,正常运行,Status: Normal,V2,深度负电价-午间夏季,neg_price_noon_summer
2025-08-04 10:15:00,广东省,3.7277,2.0396,-58.0172,31.356,正常运行,Status: Normal,V2,深度负电价-午间夏季,neg_price_noon_summer
2025-08-04 10:30:00,广东省,3.5742,2.6177,-55.2063,32.135,正常运行,Status: Normal,V2,深度负电价-午间夏季,neg_price_noon_summer
2025-08-04 10:45:00,广东省,3.9613,1.9222,-145.6607,31.893,正常运行,Status: Normal,V2,深度负电价-午间夏季,neg_price_noon_summer
2025-08-04 11:00:00,广东省,3.7364,2.2569,-206.7151,32.428,正常运行,Status: Normal,V2,深度负电价-午间夏季,neg_price_noon_summer
2025-08-04 11:15:00,广东省,3.7016,3.3995,-238.3919,32.742,负电价消纳,现货市场公告：新能源大发，系统调峰空间不足，出清价格跌至负值，调度建议储能尽可能吸纳过剩新能源并避免在低价时段向电网反送电。,V2,深度负电价-午间夏季,neg_price_noon_summer
2025-08-04 11:30:00,广东省,3.5802,2.9264,-253.8659,33.495,正常运行,Status: Normal,V2,深度负电价-午间夏季,neg_price_noon_summer
2025-08-04 11:45:00,广东省,3.555,3.2636,-362.4336,33.318,正常运行,Status: Normal,V2,深度负电价-午间夏季,neg_price_noon_summer
2025-08-04 12:00:00,广东省,3.7992,2.0993,-279.1702,33.228,正常运行,Status: Normal,V2,深度负电价-午间夏季,neg_price_noon_summer
2025-08-04 12:15:00,广东省,3.6747,2.7668,-343.9967,34.683,高温预警,广东气象台发布高温橙色预警，预计晚高峰空调负荷显著上升。,V2,深度负电价-午间夏季,neg_price_noon_summer
2025-08-04 12:30:00,广东省,3.8384,2.6672,-361.9005,33.478,正常运行,Status: Normal,V2,深度负电价-午间夏季,neg_price_noon_summer
2025-08-04 12:45:00,广东省,4.0332,2.2342,-378.057,33.707,正常运行,Status: Normal,V2,深度负电价-午间夏季,neg_price_noon_summer
2025-08-04 13:00:00,广东省,3.9852,3.3106,-296.8017,34.61,正常运行,Status: Normal,V2,深度负电价-午间夏季,neg_price_noon_summer
2025-08-04 13:15:00,广东省,3.7593,2.4546,-306.9842,33.772,正常运行,Status: Normal,V2,深度负电价-午间夏季,neg_price_noon_summer
2025-08-04 13:30:00,广东省,3.8206,2.2106,-252.4119,34.359,负电价消纳,现货市场公告：新能源大发，系统调峰空间不足，出清价格跌至负值，调度建议储能尽可能吸纳过剩新能源并避免在低价时段向电网反送电。,V2,深度负电价-午间夏季,neg_price_noon_summer
2025-08-04 13:45:00,广东省,3.8486,2.7097,-227.1267,34.969,正常运行,Status: Normal,V2,深度负电价-午间夏季,neg_price_noon_summer
2025-08-04 14:00:00,广东省,3.7079,2.6638,-148.4436,34.375,正常运行,Status: Normal,V2,深度负电价-午间夏季,neg_price_noon_summer
2025-08-04 14:15:00,广东省,3.8286,1.8405,-105.2309,34.493,正常运行,Status: Normal,V2,深度负电价-午间夏季,neg_price_noon_summer
2025-08-04 14:30:00,广东省,3.9089,1.9617,-64.3258,34.661,正常运行,Status: Normal,V2,深度负电价-午间夏季,neg_price_noon_summer
2025-08-04 14:45:00,广东省,4.0534,1.5184,-3.8272,34.676,正常运行,Status: Normal,V2,深度负电价-午间夏季,neg_price_noon_summer
2025-08-04 15:00:00,广东省,3.8008,2.0926,49.7124,35.554,正常运行,Status: Normal,V2,深度负电价-午间夏季,neg_price_noon_summer
2025-08-04 15:15:00,广东省,3.9554,2.0157,88.5011,35.275,正常运行,Status: Normal,V2,深度负电价-午间夏季,neg_price_noon_summer
2025-08-04 15:30:00,广东省,4.0484,2.0065,183.3735,35.275,正常运行,Status: Normal,V2,深度负电价-午间夏季,neg_price_noon_summer
2025-08-04 15:45:00,广东省,3.9128,1.4236,209.0385,35.085,高温预警,广东气象台发布高温橙色预警，预计晚高峰空调负荷显著上升。,V2,深度负电价-午间夏季,neg_price_noon_summer
2025-08-04 16:00:00,广东省,4.0624,1.8727,209.6682,34.448,正常运行,Status: Normal,V2,深度负电价-午间夏季,neg_price_noon_summer
2025-08-04 16:15:00,广东省,3.8069,1.2775,230.0134,34.717,正常运行,Status: Normal,V2,深度负电价-午间夏季,neg_price_noon_summer
2025-08-04 16:30:00,广东省,4.2954,1.3055,265.5884,34.506,正常运行,Status: Normal,V2,深度负电价-午间夏季,neg_price_noon_summer
2025-08-04 16:45:00,广东省,4.2183,1.0784,336.3386,33.962,正常运行,Status: Normal,V2,深度负电价-午间夏季,neg_price_noon_summer
2025-08-04 17:00:00,广东省,4.1842,0.8586,320.09,33.569,正常运行,Status: Normal,V2,深度负电价-午间夏季,neg_price_noon_summer
2025-08-04 17:15:00,广东省,4.3928,0.8934,348.5105,33.221,正常运行,Status: Normal,V2,深度负电价-午间夏季,neg_price_noon_summer
2025-08-04 17:30:00,广东省,4.4839,0.5445,392.7382,34.305,正常运行,Status: Normal,V2,深度负电价-午间夏季,neg_price_noon_summer
2025-08-04 17:45:00,广东省,4.2455,0.4364,369.4309,34.088,正常运行,Status: Normal,V2,深度负电价-午间夏季,neg_price_noon_summer
2025-08-04 18:00:00,广东省,4.4142,0.1462,411.4158,33.391,需求响应,电力交易中心发布需求响应邀约，鼓励用户在晚高峰削减负荷。,V2,深度负电价-午间夏季,neg_price_noon_summer
2025-08-04 18:15:00,广东省,4.5505,0.0,454.9147,33.228,正常运行,Status: Normal,V2,深度负电价-午间夏季,neg_price_noon_summer
2025-08-04 18:30:00,广东省,4.4928,0.0,458.0346,32.799,价格尖峰,现货市场公告提示日前价格异常波动，晚高峰可能出现尖峰电价。,V2,深度负电价-午间夏季,neg_price_noon_summer
2025-08-04 18:45:00,广东省,4.525,0.1188,418.7144,32.397,正常运行,Status: Normal,V2,深度负电价-午间夏季,neg_price_noon_summer
2025-08-04 19:00:00,广东省,4.6331,0.1036,439.6171,32.554,正常运行,Status: Normal,V2,深度负电价-午间夏季,neg_price_noon_summer
2025-08-04 19:15:00,广东省,4.5557,0.1143,428.7793,33.174,正常运行,Status: Normal,V2,深度负电价-午间夏季,neg_price_noon_summer
2025-08-04 19:30:00,广东省,4.6337,0.0503,427.3876,31.605,正常运行,Status: Normal,V2,深度负电价-午间夏季,neg_price_noon_summer
2025-08-04 19:45:00,广东省,4.5295,0.0144,412.2146,31.48,正常运行,Status: Normal,V2,深度负电价-午间夏季,neg_price_noon_summer
2025-08-04 20:00:00,广东省,4.3825,0.0,439.7762,31.884,正常运行,Status: Normal,V2,深度负电价-午间夏季,neg_price_noon_summer
2025-08-04 20:15:00,广东省,4.607,0.0332,451.2232,31.668,正常运行,Status: Normal,V2,深度负电价-午间夏季,neg_price_noon_summer
2025-08-04 20:30:00,广东省,4.5301,0.1505,418.3209,31.93,价格尖峰,现货市场公告提示日前价格异常波动，晚高峰可能出现尖峰电价。,V2,深度负电价-午间夏季,neg_price_noon_summer
2025-08-04 20:45:00,广东省,4.5185,0.0565,420.5911,31.516,正常运行,Status: Normal,V2,深度负电价-午间夏季,neg_price_noon_summer
2025-08-04 21:00:00,广东省,4.5099,0.0,445.2429,31.413,正常运行,Status: Normal,V2,深度负电价-午间夏季,neg_price_noon_summer
2025-08-04 21:15:00,广东省,4.5194,0.0414,405.7978,30.89,正常运行,Status: Normal,V2,深度负电价-午间夏季,neg_price_noon_summer
2025-08-04 21:30:00,广东省,4.5712,0.0989,451.7407,30.253,正常运行,Status: Normal,V2,深度负电价-午间夏季,neg_price_noon_summer
2025-08-04 21:45:00,广东省,4.3015,0.0923,435.0535,30.073,正常运行,Status: Normal,V2,深度负电价-午间夏季,neg_price_noon_summer
2025-08-04 22:00:00,广东省,4.432,0.0245,415.4843,30.672,正常运行,Status: Normal,V2,深度负电价-午间夏季,neg_price_noon_summer
2025-08-04 22:15:00,广东省,4.4125,0.0,410.1527,31.399,正常运行,Status: Normal,V2,深度负电价-午间夏季,neg_price_noon_summer
2025-08-04 22:30:00,广东省,4.3101,0.0,405.236,29.665,正常运行,Status: Normal,V2,深度负电价-午间夏季,neg_price_noon_summer
2025-08-04 22:45:00,广东省,3.8982,0.0,410.2835,30.399,正常运行,Status: Normal,V2,深度负电价-午间夏季,neg_price_noon_summer
2025-08-04 23:00:00,广东省,3.8216,0.0311,389.8752,30.273,正常运行,Status: Normal,V2,深度负电价-午间夏季,neg_price_noon_summer
2025-08-04 23:15:00,广东省,3.8502,0.0742,360.4849,29.327,正常运行,Status: Normal,V2,深度负电价-午间夏季,neg_price_noon_summer
2025-08-04 23:30:00,广东省,3.8874,0.0654,429.5695,30.068,正常运行,Status: Normal,V2,深度负电价-午间夏季,neg_price_noon_summer
2025-08-04 23:45:00,广东省,3.7748,0.1283,382.4226,30.059,正常运行,Status: Normal,V2,深度负电价-午间夏季,neg_price_noon_summer
